center_std,noise_std,homophily,density,seed,gcn_acc,gcn_f1,mlp_acc,mlp_f1,struct_acc,struct_f1,feat_cv_score,realized_homophily,realized_density
0.5,1.0,low,sparse,42,0.54,0.534268412129858,0.875,0.8738646860922621,0.22,0.07213114754098361,0.9450117831893166,0.2982456088066101,0.005
0.5,1.0,low,sparse,43,0.61,0.6116563282277567,0.93,0.9284683218991381,0.165,0.05665236051502146,0.9424681105749447,0.2982456088066101,0.005
0.5,1.0,low,sparse,44,0.565,0.5504285147555767,0.905,0.9001937433345184,0.195,0.06527196652719666,0.9474993453783713,0.2982456088066101,0.005
0.5,1.0,low,medium,42,0.645,0.6465818123767008,0.915,0.9121949706471172,0.19,0.06386554621848739,0.9450117831893166,0.29991644620895386,0.015
0.5,1.0,low,medium,43,0.585,0.5801948875123193,0.935,0.9342640449438202,0.15,0.05217391304347826,0.9424681105749447,0.29991644620895386,0.015
0.5,1.0,low,medium,44,0.675,0.6740706945428774,0.905,0.9064470178403232,0.21,0.06942148760330578,0.9474993453783713,0.29991644620895386,0.015
0.5,1.0,low,dense,42,0.7,0.7010198532804666,0.905,0.9050243917912846,0.2,0.06666666666666667,0.9450117831893166,0.2998120188713074,0.04
0.5,1.0,low,dense,43,0.74,0.7381069531069532,0.94,0.9401466125265305,0.195,0.06527196652719666,0.9424681105749447,0.2998120188713074,0.04
0.5,1.0,low,dense,44,0.765,0.7634905686524933,0.94,0.9359876256362261,0.19,0.06386554621848739,0.9474993453783713,0.2998120188713074,0.04
0.5,1.0,medium,sparse,42,0.71,0.7042508607447427,0.88,0.8770290601231141,0.16,0.05517241379310345,0.9450117831893166,0.548872172832489,0.005
0.5,1.0,medium,sparse,43,0.745,0.7488803309085721,0.905,0.9054588736103282,0.16,0.05517241379310345,0.9424681105749447,0.548872172832489,0.005
0.5,1.0,medium,sparse,44,0.78,0.774586814075524,0.92,0.9181374489730059,0.205,0.06804979253112034,0.9474993453783713,0.548872172832489,0.005
0.5,1.0,medium,medium,42,0.865,0.8633380091683727,0.94,0.9375564563222347,0.23,0.07479674796747968,0.9450117831893166,0.5497075915336609,0.015
0.5,1.0,medium,medium,43,0.905,0.9034452896603957,0.91,0.9087384315170253,0.155,0.05367965367965368,0.9424681105749447,0.5497075915336609,0.015
0.5,1.0,medium,medium,44,0.895,0.896926253160521,0.94,0.93989249116862,0.205,0.06804979253112034,0.9474993453783713,0.5497075915336609,0.015
0.5,1.0,medium,dense,42,0.99,0.9892448724808276,0.95,0.9505468274918918,0.225,0.07346938775510205,0.9450117831893166,0.5498120188713074,0.04
0.5,1.0,medium,dense,43,0.99,0.9902561700054345,0.965,0.9650437204121415,0.215,0.07078189300411522,0.9424681105749447,0.5498120188713074,0.04
0.5,1.0,medium,dense,44,0.975,0.975094060168687,0.93,0.9274849642540707,0.205,0.06804979253112034,0.9474993453783713,0.5498120188713074,0.04
0.5,1.0,high,sparse,42,0.88,0.8796249076127125,0.9,0.8996519597344186,0.16,0.05517241379310345,0.9450117831893166,0.7994987368583679,0.005
0.5,1.0,high,sparse,43,0.905,0.9044342105852377,0.905,0.9059279418481451,0.175,0.05957446808510638,0.9424681105749447,0.7994987368583679,0.005
0.5,1.0,high,sparse,44,0.885,0.8878778765094555,0.915,0.912188617833779,0.195,0.06527196652719666,0.9474993453783713,0.7994987368583679,0.005
0.5,1.0,high,medium,42,0.995,0.9955417956656347,0.9,0.8910526431699404,0.14,0.04912280701754386,0.9450117831893166,0.7994987368583679,0.015
0.5,1.0,high,medium,43,0.98,0.9804026632847178,0.91,0.9103116866790124,0.205,0.06804979253112034,0.9424681105749447,0.7994987368583679,0.015
0.5,1.0,high,medium,44,0.985,0.9844483381375276,0.915,0.911980335837384,0.185,0.06244725738396625,0.9474993453783713,0.7994987368583679,0.015
0.5,1.0,high,dense,42,1.0,1.0,0.9,0.89437518653652,0.24,0.07741935483870968,0.9450117831893166,0.7998120188713074,0.04
0.5,1.0,high,dense,43,1.0,1.0,0.925,0.9247293163037767,0.195,0.06527196652719666,0.9424681105749447,0.7998120188713074,0.04
0.5,1.0,high,dense,44,1.0,1.0,0.91,0.9091652103605646,0.195,0.06527196652719666,0.9474993453783713,0.7998120188713074,0.04
0.5,1.5,low,sparse,42,0.485,0.4827967292244516,0.69,0.6871990421794343,0.22,0.07213114754098361,0.7400403995062282,0.2982456088066101,0.005
0.5,1.5,low,sparse,43,0.465,0.46168652943300836,0.705,0.700767466271623,0.165,0.05665236051502146,0.729884412523847,0.2982456088066101,0.005
0.5,1.5,low,sparse,44,0.485,0.46808300036830397,0.725,0.7137195998849509,0.195,0.06527196652719666,0.7574533348296114,0.2982456088066101,0.005
0.5,1.5,low,medium,42,0.515,0.5152077371589566,0.71,0.7066681488947519,0.19,0.06386554621848739,0.7400403995062282,0.29991644620895386,0.015
0.5,1.5,low,medium,43,0.49,0.48498314693436645,0.675,0.6664583979007831,0.195,0.06527196652719666,0.729884412523847,0.29991644620895386,0.015
0.5,1.5,low,medium,44,0.6,0.6018762896926391,0.715,0.7063007648627193,0.205,0.06804979253112034,0.7574533348296114,0.29991644620895386,0.015
0.5,1.5,low,dense,42,0.62,0.6219860902993805,0.71,0.7062483421680209,0.24,0.07741935483870968,0.7400403995062282,0.2998120188713074,0.04
0.5,1.5,low,dense,43,0.66,0.6509708750441016,0.71,0.7105707500568437,0.205,0.06804979253112034,0.729884412523847,0.2998120188713074,0.04
0.5,1.5,low,dense,44,0.685,0.6819777444777445,0.715,0.7012853951898529,0.19,0.06386554621848739,0.7574533348296114,0.2998120188713074,0.04
0.5,1.5,medium,sparse,42,0.63,0.6193796988085634,0.66,0.6561214225434966,0.16,0.05517241379310345,0.7400403995062282,0.548872172832489,0.005
0.5,1.5,medium,sparse,43,0.68,0.6839105485637164,0.675,0.6736051374538145,0.16,0.05517241379310345,0.729884412523847,0.548872172832489,0.005
0.5,1.5,medium,sparse,44,0.68,0.6739244851258582,0.68,0.6663159308140038,0.205,0.06804979253112034,0.7574533348296114,0.548872172832489,0.005
0.5,1.5,medium,medium,42,0.815,0.8079394683770792,0.71,0.7006956280252167,0.23,0.07479674796747968,0.7400403995062282,0.5497075915336609,0.015
0.5,1.5,medium,medium,43,0.825,0.8214865261509166,0.71,0.7064006045844445,0.155,0.05367965367965368,0.729884412523847,0.5497075915336609,0.015
0.5,1.5,medium,medium,44,0.85,0.8506615022404496,0.73,0.721712580207783,0.205,0.06804979253112034,0.7574533348296114,0.5497075915336609,0.015
0.5,1.5,medium,dense,42,0.97,0.9705408817541542,0.77,0.7678373931469864,0.225,0.07346938775510205,0.7400403995062282,0.5498120188713074,0.04
0.5,1.5,medium,dense,43,0.97,0.9704403145201791,0.73,0.7316210391104008,0.185,0.06244725738396625,0.729884412523847,0.5498120188713074,0.04
0.5,1.5,medium,dense,44,0.955,0.9546234546234548,0.72,0.7101731573175711,0.18,0.061016949152542375,0.7574533348296114,0.5498120188713074,0.04
0.5,1.5,high,sparse,42,0.79,0.7889499568952196,0.64,0.6386865040681184,0.16,0.05517241379310345,0.7400403995062282,0.7994987368583679,0.005
0.5,1.5,high,sparse,43,0.855,0.8525046076565721,0.685,0.6812922226973868,0.175,0.05957446808510638,0.729884412523847,0.7994987368583679,0.005
0.5,1.5,high,sparse,44,0.855,0.8505369701498735,0.725,0.7022305571324304,0.195,0.06527196652719666,0.7574533348296114,0.7994987368583679,0.005
0.5,1.5,high,medium,42,0.995,0.9955417956656347,0.71,0.6993483260925122,0.14,0.04912280701754386,0.7400403995062282,0.7994987368583679,0.015
0.5,1.5,high,medium,43,0.98,0.9803278388278388,0.705,0.6998405813675724,0.165,0.05665236051502146,0.729884412523847,0.7994987368583679,0.015
0.5,1.5,high,medium,44,0.985,0.9848151669408232,0.715,0.7024917506894702,0.185,0.06244725738396625,0.7574533348296114,0.7994987368583679,0.015
0.5,1.5,high,dense,42,1.0,1.0,0.705,0.692566029143898,0.235,0.07611336032388663,0.7400403995062282,0.7998120188713074,0.04
0.5,1.5,high,dense,43,1.0,1.0,0.72,0.717890114567211,0.195,0.06527196652719666,0.729884412523847,0.7998120188713074,0.04
0.5,1.5,high,dense,44,1.0,1.0,0.7,0.7011826436916299,0.195,0.06527196652719666,0.7574533348296114,0.7998120188713074,0.04
0.5,2.0,low,sparse,42,0.415,0.4104830764443389,0.515,0.5118548936565236,0.22,0.07213114754098361,0.5925260913477725,0.2982456088066101,0.005
0.5,2.0,low,sparse,43,0.4,0.3944682130455044,0.52,0.5153514346027723,0.165,0.05665236051502146,0.5600755620394269,0.2982456088066101,0.005
0.5,2.0,low,sparse,44,0.415,0.4065964785824806,0.575,0.5593557066989148,0.195,0.06527196652719666,0.6024763401039913,0.2982456088066101,0.005
0.5,2.0,low,medium,42,0.445,0.4437354468487252,0.535,0.5276086205252872,0.19,0.06386554621848739,0.5925260913477725,0.29991644620895386,0.015
0.5,2.0,low,medium,43,0.41,0.40423370667273106,0.485,0.4750864590903162,0.15,0.05217391304347826,0.5600755620394269,0.29991644620895386,0.015
0.5,2.0,low,medium,44,0.515,0.5090984535914682,0.59,0.5775547268349126,0.21,0.06942148760330578,0.6024763401039913,0.29991644620895386,0.015
0.5,2.0,low,dense,42,0.52,0.520587324849319,0.535,0.5317470455509031,0.2,0.06666666666666667,0.5925260913477725,0.2998120188713074,0.04
0.5,2.0,low,dense,43,0.595,0.5951486365190839,0.515,0.5111775655650032,0.195,0.06527196652719666,0.5600755620394269,0.2998120188713074,0.04
0.5,2.0,low,dense,44,0.6,0.6012458042185342,0.535,0.5222080438519524,0.19,0.06386554621848739,0.6024763401039913,0.2998120188713074,0.04
0.5,2.0,medium,sparse,42,0.605,0.5926010756913024,0.48,0.47692379971449733,0.16,0.05517241379310345,0.5925260913477725,0.548872172832489,0.005
0.5,2.0,medium,sparse,43,0.595,0.5962178172704489,0.54,0.5390865654500966,0.16,0.05517241379310345,0.5600755620394269,0.548872172832489,0.005
0.5,2.0,medium,sparse,44,0.625,0.6175998625668102,0.58,0.5669016907912018,0.205,0.06804979253112034,0.6024763401039913,0.548872172832489,0.005
0.5,2.0,medium,medium,42,0.77,0.7615093566082493,0.565,0.5555072195097149,0.23,0.07479674796747968,0.5925260913477725,0.5497075915336609,0.015
0.5,2.0,medium,medium,43,0.77,0.7648257622449658,0.505,0.5008336686144905,0.175,0.05957446808510638,0.5600755620394269,0.5497075915336609,0.015
0.5,2.0,medium,medium,44,0.78,0.7817164596701236,0.55,0.5364482319448607,0.205,0.06804979253112034,0.6024763401039913,0.5497075915336609,0.015
0.5,2.0,medium,dense,42,0.96,0.9596955732439604,0.545,0.5410571396112263,0.225,0.07346938775510205,0.5925260913477725,0.5498120188713074,0.04
0.5,2.0,medium,dense,43,0.96,0.9600762491279641,0.545,0.5457230053832641,0.185,0.06244725738396625,0.5600755620394269,0.5498120188713074,0.04
0.5,2.0,medium,dense,44,0.935,0.9340416296032734,0.56,0.5531966943072482,0.18,0.061016949152542375,0.6024763401039913,0.5498120188713074,0.04
0.5,2.0,high,sparse,42,0.755,0.7531437883582983,0.475,0.4747076439510681,0.245,0.078714859437751,0.5925260913477725,0.7994987368583679,0.005
0.5,2.0,high,sparse,43,0.81,0.8067421580319406,0.535,0.5304600434012199,0.175,0.05957446808510638,0.5600755620394269,0.7994987368583679,0.005
0.5,2.0,high,sparse,44,0.825,0.8239006951340617,0.545,0.535399376764392,0.195,0.06527196652719666,0.6024763401039913,0.7994987368583679,0.005
0.5,2.0,high,medium,42,0.995,0.9955417956656347,0.535,0.531477139078292,0.14,0.04912280701754386,0.5925260913477725,0.7994987368583679,0.015
0.5,2.0,high,medium,43,0.98,0.9803916921246237,0.545,0.5386951720552704,0.205,0.06804979253112034,0.5600755620394269,0.7994987368583679,0.015
0.5,2.0,high,medium,44,0.965,0.9639770283491668,0.545,0.5305234858849317,0.185,0.06244725738396625,0.6024763401039913,0.7994987368583679,0.015
0.5,2.0,high,dense,42,1.0,1.0,0.515,0.5016126235589906,0.16,0.05517241379310345,0.5925260913477725,0.7998120188713074,0.04
0.5,2.0,high,dense,43,1.0,1.0,0.515,0.5154364244426736,0.195,0.06527196652719666,0.5600755620394269,0.7998120188713074,0.04
0.5,2.0,high,dense,44,1.0,1.0,0.545,0.5421954007824177,0.195,0.06527196652719666,0.6024763401039913,0.7998120188713074,0.04
1.0,1.0,low,sparse,42,0.65,0.6476647286821706,0.99,0.9897281176307393,0.2,0.06666666666666667,1.0,0.2982456088066101,0.005
1.0,1.0,low,sparse,43,0.73,0.7310056593095642,1.0,1.0,0.165,0.05665236051502146,1.0,0.2982456088066101,0.005
1.0,1.0,low,sparse,44,0.69,0.6718671681869635,1.0,1.0,0.195,0.06527196652719666,1.0,0.2982456088066101,0.005
1.0,1.0,low,medium,42,0.72,0.7213841419705291,0.995,0.9948051948051948,0.19,0.06386554621848739,1.0,0.29991644620895386,0.015
1.0,1.0,low,medium,43,0.74,0.7419154628143392,1.0,1.0,0.15,0.05217391304347826,1.0,0.29991644620895386,0.015
1.0,1.0,low,medium,44,0.76,0.7600945526402443,1.0,1.0,0.205,0.06804979253112034,1.0,0.29991644620895386,0.015
1.0,1.0,low,dense,42,0.805,0.8055035160917514,0.995,0.9952714776632302,0.2,0.06666666666666667,1.0,0.2998120188713074,0.04
1.0,1.0,low,dense,43,0.83,0.8300610673487547,1.0,1.0,0.205,0.06804979253112034,1.0,0.2998120188713074,0.04
1.0,1.0,low,dense,44,0.87,0.8672242822665558,0.995,0.9943617232479651,0.19,0.06386554621848739,1.0,0.2998120188713074,0.04
1.0,1.0,medium,sparse,42,0.76,0.7551739890629257,0.99,0.9898472259447869,0.16,0.05517241379310345,1.0,0.548872172832489,0.005
1.0,1.0,medium,sparse,43,0.78,0.7818600362034223,1.0,1.0,0.16,0.05517241379310345,1.0,0.548872172832489,0.005
1.0,1.0,medium,sparse,44,0.83,0.8253830893229923,1.0,1.0,0.205,0.06804979253112034,1.0,0.548872172832489,0.005
1.0,1.0,medium,medium,42,0.89,0.8896915683051944,0.995,0.9949509116409537,0.23,0.07479674796747968,1.0,0.5497075915336609,0.015
1.0,1.0,medium,medium,43,0.94,0.9388555361932436,1.0,1.0,0.175,0.05957446808510638,1.0,0.5497075915336609,0.015
1.0,1.0,medium,medium,44,0.915,0.9168902013863255,1.0,1.0,0.205,0.06804979253112034,1.0,0.5497075915336609,0.015
1.0,1.0,medium,dense,42,0.985,0.9843501177185388,1.0,1.0,0.225,0.07346938775510205,1.0,0.5498120188713074,0.04
1.0,1.0,medium,dense,43,0.995,0.9949073327961322,1.0,1.0,0.185,0.06244725738396625,1.0,0.5498120188713074,0.04
1.0,1.0,medium,dense,44,0.975,0.975094060168687,0.995,0.9945040466779597,0.18,0.061016949152542375,1.0,0.5498120188713074,0.04
1.0,1.0,high,sparse,42,0.92,0.9207307692307692,0.995,0.9944539411206078,0.16,0.05517241379310345,1.0,0.7994987368583679,0.005
1.0,1.0,high,sparse,43,0.92,0.9212635545251876,1.0,1.0,0.175,0.05957446808510638,1.0,0.7994987368583679,0.005
1.0,1.0,high,sparse,44,0.92,0.9204320898601763,1.0,1.0,0.195,0.06527196652719666,1.0,0.7994987368583679,0.005
1.0,1.0,high,medium,42,0.995,0.9955417956656347,0.995,0.9940647857889238,0.215,0.07078189300411522,1.0,0.7994987368583679,0.015
1.0,1.0,high,medium,43,0.99,0.9899803921568628,1.0,1.0,0.235,0.07611336032388663,1.0,0.7994987368583679,0.015
1.0,1.0,high,medium,44,0.985,0.9843082123619821,1.0,1.0,0.185,0.06244725738396625,1.0,0.7994987368583679,0.015
1.0,1.0,high,dense,42,1.0,1.0,1.0,1.0,0.235,0.07611336032388663,1.0,0.7998120188713074,0.04
1.0,1.0,high,dense,43,1.0,1.0,1.0,1.0,0.195,0.06527196652719666,1.0,0.7998120188713074,0.04
1.0,1.0,high,dense,44,1.0,1.0,0.995,0.9950587158761628,0.195,0.06527196652719666,1.0,0.7998120188713074,0.04
1.0,1.5,low,sparse,42,0.575,0.5687310497209191,0.93,0.9289851399545987,0.2,0.06666666666666667,0.9949874686716792,0.2982456088066101,0.005
1.0,1.5,low,sparse,43,0.67,0.6711856499144944,0.99,0.99,0.165,0.05665236051502146,0.9899936408184641,0.2982456088066101,0.005
1.0,1.5,low,sparse,44,0.615,0.5998515707206447,0.985,0.9840843961959231,0.195,0.06527196652719666,0.9899749373433583,0.2982456088066101,0.005
1.0,1.5,low,medium,42,0.675,0.676813415382256,0.97,0.970024975024975,0.19,0.06386554621848739,0.9949874686716792,0.29991644620895386,0.015
1.0,1.5,low,medium,43,0.66,0.6586899051624066,0.995,0.9943113189168127,0.15,0.05217391304347826,0.9899936408184641,0.29991644620895386,0.015
1.0,1.5,low,medium,44,0.71,0.7075917909251241,0.975,0.9767937829908245,0.205,0.06804979253112034,0.9899749373433583,0.29991644620895386,0.015
1.0,1.5,low,dense,42,0.785,0.7871636692758925,0.945,0.9458878898878899,0.2,0.06666666666666667,0.9949874686716792,0.2998120188713074,0.04
1.0,1.5,low,dense,43,0.8,0.8007782757396835,0.99,0.9900516747245434,0.195,0.06527196652719666,0.9899936408184641,0.2998120188713074,0.04
1.0,1.5,low,dense,44,0.8,0.7975666188034753,0.985,0.9837474174976144,0.19,0.06386554621848739,0.9899749373433583,0.2998120188713074,0.04
1.0,1.5,medium,sparse,42,0.72,0.7141751440739229,0.95,0.95114238702474,0.16,0.05517241379310345,0.9949874686716792,0.548872172832489,0.005
1.0,1.5,medium,sparse,43,0.765,0.7668719211822661,0.985,0.9849625885912806,0.16,0.05517241379310345,0.9899936408184641,0.548872172832489,0.005
1.0,1.5,medium,sparse,44,0.795,0.7851248409437499,0.99,0.9884357198442062,0.205,0.06804979253112034,0.9899749373433583,0.548872172832489,0.005
1.0,1.5,medium,medium,42,0.89,0.8899254269117283,0.955,0.9520157506825051,0.23,0.07479674796747968,0.9949874686716792,0.5497075915336609,0.015
1.0,1.5,medium,medium,43,0.925,0.923692850359517,0.99,0.9890608559888674,0.155,0.05367965367965368,0.9899936408184641,0.5497075915336609,0.015
1.0,1.5,medium,medium,44,0.89,0.8921978282310622,0.985,0.98552176842439,0.205,0.06804979253112034,0.9899749373433583,0.5497075915336609,0.015
1.0,1.5,medium,dense,42,0.995,0.9941587301587301,0.98,0.9797084085099212,0.225,0.07346938775510205,0.9949874686716792,0.5498120188713074,0.04
1.0,1.5,medium,dense,43,0.99,0.9902561700054345,1.0,1.0,0.21,0.06942148760330578,0.9899936408184641,0.5498120188713074,0.04
1.0,1.5,medium,dense,44,0.98,0.9801459045156523,0.985,0.983753685927599,0.18,0.061016949152542375,0.9899749373433583,0.5498120188713074,0.04
1.0,1.5,high,sparse,42,0.925,0.9246214692693234,0.94,0.9382997435150255,0.16,0.05517241379310345,0.9949874686716792,0.7994987368583679,0.005
1.0,1.5,high,sparse,43,0.915,0.9151116174218485,0.98,0.9809912409493166,0.175,0.05957446808510638,0.9899936408184641,0.7994987368583679,0.005
1.0,1.5,high,sparse,44,0.915,0.9159194663099587,0.975,0.9728410581801793,0.195,0.06527196652719666,0.9899749373433583,0.7994987368583679,0.005
1.0,1.5,high,medium,42,0.995,0.9955417956656347,0.94,0.9343279359165635,0.215,0.07078189300411522,0.9949874686716792,0.7994987368583679,0.015
1.0,1.5,high,medium,43,0.99,0.9899803921568628,0.97,0.969385520139669,0.165,0.05665236051502146,0.9899936408184641,0.7994987368583679,0.015
1.0,1.5,high,medium,44,0.985,0.9844483381375276,0.975,0.9748493410021052,0.185,0.06244725738396625,0.9899749373433583,0.7994987368583679,0.015
1.0,1.5,high,dense,42,1.0,1.0,0.96,0.9572273722043307,0.24,0.07741935483870968,0.9949874686716792,0.7998120188713074,0.04
1.0,1.5,high,dense,43,1.0,1.0,0.98,0.9797812796004479,0.195,0.06527196652719666,0.9899936408184641,0.7998120188713074,0.04
1.0,1.5,high,dense,44,1.0,1.0,0.975,0.9747899336686909,0.195,0.06527196652719666,0.9899749373433583,0.7998120188713074,0.04
1.0,2.0,low,sparse,42,0.52,0.5142542318725962,0.86,0.8579554940580923,0.22,0.07213114754098361,0.9300115961545655,0.2982456088066101,0.005
1.0,2.0,low,sparse,43,0.615,0.614969016026454,0.895,0.8927337592723408,0.165,0.05665236051502146,0.93998054838589,0.2982456088066101,0.005
1.0,2.0,low,sparse,44,0.595,0.5841235755220342,0.885,0.8765626151880447,0.195,0.06527196652719666,0.9400366588112071,0.2982456088066101,0.005
1.0,2.0,low,medium,42,0.61,0.6132874588098469,0.87,0.8646522161127933,0.19,0.06386554621848739,0.9300115961545655,0.29991644620895386,0.015
1.0,2.0,low,medium,43,0.63,0.6295326275804763,0.92,0.9213821761923027,0.15,0.05217391304347826,0.93998054838589,0.29991644620895386,0.015
1.0,2.0,low,medium,44,0.66,0.6618623666048681,0.87,0.8682328976221452,0.205,0.06804979253112034,0.9400366588112071,0.29991644620895386,0.015
1.0,2.0,low,dense,42,0.71,0.7139833573132682,0.86,0.8584176251854421,0.2,0.06666666666666667,0.9300115961545655,0.2998120188713074,0.04
1.0,2.0,low,dense,43,0.73,0.7319948095523665,0.93,0.9300661676189103,0.195,0.06527196652719666,0.93998054838589,0.2998120188713074,0.04
1.0,2.0,low,dense,44,0.77,0.7683254231805385,0.905,0.8998215229281341,0.19,0.06386554621848739,0.9400366588112071,0.2998120188713074,0.04
1.0,2.0,medium,sparse,42,0.72,0.7154033923789298,0.86,0.8563393944882149,0.16,0.05517241379310345,0.9300115961545655,0.548872172832489,0.005
1.0,2.0,medium,sparse,43,0.775,0.7791341872850517,0.89,0.8895712975338732,0.16,0.05517241379310345,0.93998054838589,0.548872172832489,0.005
1.0,2.0,medium,sparse,44,0.79,0.7817824598046639,0.905,0.8989615497839404,0.11,0.03963963963963964,0.9400366588112071,0.548872172832489,0.005
1.0,2.0,medium,medium,42,0.86,0.8578993165770383,0.885,0.8792694253181071,0.23,0.07479674796747968,0.9300115961545655,0.5497075915336609,0.015
1.0,2.0,medium,medium,43,0.89,0.888061115355233,0.895,0.8932598858941571,0.155,0.05367965367965368,0.93998054838589,0.5497075915336609,0.015
1.0,2.0,medium,medium,44,0.885,0.8858561097984985,0.9,0.8964836048481745,0.22,0.07213114754098361,0.9400366588112071,0.5497075915336609,0.015
1.0,2.0,medium,dense,42,0.985,0.9843501177185388,0.935,0.9341444239270327,0.185,0.06244725738396625,0.9300115961545655,0.5498120188713074,0.04
1.0,2.0,medium,dense,43,0.99,0.9902561700054345,0.95,0.9499919269506604,0.185,0.06244725738396625,0.93998054838589,0.5498120188713074,0.04
1.0,2.0,medium,dense,44,0.975,0.9759437660183929,0.915,0.9117245448380966,0.18,0.061016949152542375,0.9400366588112071,0.5498120188713074,0.04
1.0,2.0,high,sparse,42,0.875,0.8744348969966861,0.86,0.8571586245491855,0.16,0.05517241379310345,0.9300115961545655,0.7994987368583679,0.005
1.0,2.0,high,sparse,43,0.9,0.8992394053904323,0.875,0.8764558983523212,0.175,0.05957446808510638,0.93998054838589,0.7994987368583679,0.005
1.0,2.0,high,sparse,44,0.9,0.8996642172126043,0.89,0.8851545737793615,0.195,0.06527196652719666,0.9400366588112071,0.7994987368583679,0.005
1.0,2.0,high,medium,42,0.99,0.991127450980392,0.89,0.8807812218292768,0.215,0.07078189300411522,0.9300115961545655,0.7994987368583679,0.015
1.0,2.0,high,medium,43,0.985,0.9854661654135338,0.88,0.8786474875165515,0.165,0.05665236051502146,0.93998054838589,0.7994987368583679,0.015
1.0,2.0,high,medium,44,0.985,0.9848151669408232,0.895,0.890736886952757,0.185,0.06244725738396625,0.9400366588112071,0.7994987368583679,0.015
1.0,2.0,high,dense,42,1.0,1.0,0.875,0.8685388938183969,0.24,0.07741935483870968,0.9300115961545655,0.7998120188713074,0.04
1.0,2.0,high,dense,43,1.0,1.0,0.91,0.9095885481765149,0.195,0.06527196652719666,0.93998054838589,0.7998120188713074,0.04
1.0,2.0,high,dense,44,1.0,1.0,0.88,0.8803886794359492,0.195,0.06527196652719666,0.9400366588112071,0.7998120188713074,0.04
1.5,1.0,low,sparse,42,0.73,0.728380838264011,1.0,1.0,0.2,0.06666666666666667,1.0,0.2982456088066101,0.005
1.5,1.0,low,sparse,43,0.735,0.7367351797025515,1.0,1.0,0.165,0.05665236051502146,1.0,0.2982456088066101,0.005
1.5,1.0,low,sparse,44,0.695,0.6824577583929986,1.0,1.0,0.195,0.06527196652719666,1.0,0.2982456088066101,0.005
1.5,1.0,low,medium,42,0.8,0.7987344961489989,1.0,1.0,0.19,0.06386554621848739,1.0,0.29991644620895386,0.015
1.5,1.0,low,medium,43,0.795,0.7958833693900246,1.0,1.0,0.15,0.05217391304347826,1.0,0.29991644620895386,0.015
1.5,1.0,low,medium,44,0.825,0.8248717621972459,1.0,1.0,0.205,0.06804979253112034,1.0,0.29991644620895386,0.015
1.5,1.0,low,dense,42,0.775,0.778211662899231,1.0,1.0,0.2,0.06666666666666667,1.0,0.2998120188713074,0.04
1.5,1.0,low,dense,43,0.83,0.8303995749331967,1.0,1.0,0.205,0.06804979253112034,1.0,0.2998120188713074,0.04
1.5,1.0,low,dense,44,0.865,0.8656213872308657,1.0,1.0,0.23,0.07479674796747968,1.0,0.2998120188713074,0.04
1.5,1.0,medium,sparse,42,0.81,0.8062331630314074,1.0,1.0,0.16,0.05517241379310345,1.0,0.548872172832489,0.005
1.5,1.0,medium,sparse,43,0.805,0.8058970135922543,1.0,1.0,0.16,0.05517241379310345,1.0,0.548872172832489,0.005
1.5,1.0,medium,sparse,44,0.84,0.834647703260433,1.0,1.0,0.205,0.06804979253112034,1.0,0.548872172832489,0.005
1.5,1.0,medium,medium,42,0.92,0.9203776161973245,1.0,1.0,0.23,0.07479674796747968,1.0,0.5497075915336609,0.015
1.5,1.0,medium,medium,43,0.95,0.9492470720858244,1.0,1.0,0.155,0.05367965367965368,1.0,0.5497075915336609,0.015
1.5,1.0,medium,medium,44,0.93,0.9308804689151101,1.0,1.0,0.205,0.06804979253112034,1.0,0.5497075915336609,0.015
1.5,1.0,medium,dense,42,0.995,0.9941587301587301,1.0,1.0,0.225,0.07346938775510205,1.0,0.5498120188713074,0.04
1.5,1.0,medium,dense,43,0.995,0.9949073327961322,1.0,1.0,0.185,0.06244725738396625,1.0,0.5498120188713074,0.04
1.5,1.0,medium,dense,44,0.98,0.9796854687600955,1.0,1.0,0.18,0.061016949152542375,1.0,0.5498120188713074,0.04
1.5,1.0,high,sparse,42,0.93,0.9299260927725348,1.0,1.0,0.16,0.05517241379310345,1.0,0.7994987368583679,0.005
1.5,1.0,high,sparse,43,0.925,0.9258391097753572,1.0,1.0,0.175,0.05957446808510638,1.0,0.7994987368583679,0.005
1.5,1.0,high,sparse,44,0.935,0.9345377674636992,1.0,1.0,0.195,0.06527196652719666,1.0,0.7994987368583679,0.005
1.5,1.0,high,medium,42,0.995,0.9955417956656347,1.0,1.0,0.215,0.07078189300411522,1.0,0.7994987368583679,0.015
1.5,1.0,high,medium,43,0.99,0.9899803921568628,1.0,1.0,0.205,0.06804979253112034,1.0,0.7994987368583679,0.015
1.5,1.0,high,medium,44,0.985,0.9843082123619821,1.0,1.0,0.185,0.06244725738396625,1.0,0.7994987368583679,0.015
1.5,1.0,high,dense,42,1.0,1.0,1.0,1.0,0.235,0.07611336032388663,1.0,0.7998120188713074,0.04
1.5,1.0,high,dense,43,1.0,1.0,1.0,1.0,0.195,0.06527196652719666,1.0,0.7998120188713074,0.04
1.5,1.0,high,dense,44,1.0,1.0,1.0,1.0,0.195,0.06527196652719666,1.0,0.7998120188713074,0.04
1.5,1.5,low,sparse,42,0.66,0.6573670744239417,0.99,0.9897281176307393,0.2,0.06666666666666667,1.0,0.2982456088066101,0.005
1.5,1.5,low,sparse,43,0.715,0.7157583151583186,1.0,1.0,0.165,0.05665236051502146,1.0,0.2982456088066101,0.005
1.5,1.5,low,sparse,44,0.695,0.6762483130904184,1.0,1.0,0.195,0.06527196652719666,1.0,0.2982456088066101,0.005
1.5,1.5,low,medium,42,0.715,0.7179691281340407,0.995,0.9948051948051948,0.19,0.06386554621848739,1.0,0.29991644620895386,0.015
1.5,1.5,low,medium,43,0.745,0.7462905768446257,1.0,1.0,0.15,0.05217391304347826,1.0,0.29991644620895386,0.015
1.5,1.5,low,medium,44,0.765,0.7625692963752665,1.0,1.0,0.205,0.06804979253112034,1.0,0.29991644620895386,0.015
1.5,1.5,low,dense,42,0.76,0.7633427889435961,0.995,0.9952714776632302,0.2,0.06666666666666667,1.0,0.2998120188713074,0.04
1.5,1.5,low,dense,43,0.81,0.8106110465866564,1.0,1.0,0.195,0.06527196652719666,1.0,0.2998120188713074,0.04
1.5,1.5,low,dense,44,0.835,0.8310823924030043,0.995,0.9943617232479651,0.19,0.06386554621848739,1.0,0.2998120188713074,0.04
1.5,1.5,medium,sparse,42,0.78,0.7765677294763226,0.99,0.9898472259447869,0.16,0.05517241379310345,1.0,0.548872172832489,0.005
1.5,1.5,medium,sparse,43,0.79,0.7908088777653995,1.0,1.0,0.16,0.05517241379310345,1.0,0.548872172832489,0.005
1.5,1.5,medium,sparse,44,0.825,0.8222336139133539,1.0,1.0,0.205,0.06804979253112034,1.0,0.548872172832489,0.005
1.5,1.5,medium,medium,42,0.89,0.8900220565392978,0.995,0.9949509116409537,0.185,0.06244725738396625,1.0,0.5497075915336609,0.015
1.5,1.5,medium,medium,43,0.945,0.943773236099226,1.0,1.0,0.155,0.05367965367965368,1.0,0.5497075915336609,0.015
1.5,1.5,medium,medium,44,0.9,0.9026934995431759,1.0,1.0,0.205,0.06804979253112034,1.0,0.5497075915336609,0.015
1.5,1.5,medium,dense,42,0.995,0.9941587301587301,1.0,1.0,0.225,0.07346938775510205,1.0,0.5498120188713074,0.04
1.5,1.5,medium,dense,43,0.995,0.9949073327961322,1.0,1.0,0.185,0.06244725738396625,1.0,0.5498120188713074,0.04
1.5,1.5,medium,dense,44,0.97,0.9696903314772871,0.995,0.9945040466779597,0.18,0.061016949152542375,1.0,0.5498120188713074,0.04
1.5,1.5,high,sparse,42,0.925,0.9262464848088179,0.995,0.9944539411206078,0.245,0.078714859437751,1.0,0.7994987368583679,0.005
1.5,1.5,high,sparse,43,0.94,0.940841597716805,1.0,1.0,0.175,0.05957446808510638,1.0,0.7994987368583679,0.005
1.5,1.5,high,sparse,44,0.925,0.9256071307135137,0.995,0.9937662337662336,0.195,0.06527196652719666,1.0,0.7994987368583679,0.005
1.5,1.5,high,medium,42,0.995,0.9955417956656347,0.995,0.9940647857889238,0.215,0.07078189300411522,1.0,0.7994987368583679,0.015
1.5,1.5,high,medium,43,0.99,0.9899803921568628,1.0,1.0,0.165,0.05665236051502146,1.0,0.7994987368583679,0.015
1.5,1.5,high,medium,44,0.98,0.9800528932130458,1.0,1.0,0.185,0.06244725738396625,1.0,0.7994987368583679,0.015
1.5,1.5,high,dense,42,1.0,1.0,0.995,0.9947635411552938,0.235,0.07611336032388663,1.0,0.7998120188713074,0.04
1.5,1.5,high,dense,43,1.0,1.0,1.0,1.0,0.16,0.05517241379310345,1.0,0.7998120188713074,0.04
1.5,1.5,high,dense,44,1.0,1.0,0.995,0.9946052868189174,0.195,0.06527196652719666,1.0,0.7998120188713074,0.04
1.5,2.0,low,sparse,42,0.645,0.6407275838004547,0.945,0.9438473088473088,0.22,0.07213114754098361,1.0,0.2982456088066101,0.005
1.5,2.0,low,sparse,43,0.675,0.675465993751502,1.0,1.0,0.165,0.05665236051502146,0.9974937343358397,0.2982456088066101,0.005
1.5,2.0,low,sparse,44,0.635,0.6242889414502095,0.99,0.9887349300261354,0.125,0.04444444444444444,0.9949874686716792,0.2982456088066101,0.005
1.5,2.0,low,medium,42,0.66,0.6620959897753258,0.975,0.9745539355159607,0.19,0.06386554621848739,1.0,0.29991644620895386,0.015
1.5,2.0,low,medium,43,0.685,0.6823695247036208,1.0,1.0,0.195,0.06527196652719666,0.9974937343358397,0.29991644620895386,0.015
1.5,2.0,low,medium,44,0.745,0.7441968982715037,0.99,0.9907936507936508,0.205,0.06804979253112034,0.9949874686716792,0.29991644620895386,0.015
1.5,2.0,low,dense,42,0.78,0.7814952836126039,0.965,0.9649031370390754,0.2,0.06666666666666667,1.0,0.2998120188713074,0.04
1.5,2.0,low,dense,43,0.815,0.814686462061663,1.0,1.0,0.205,0.06804979253112034,0.9974937343358397,0.2998120188713074,0.04
1.5,2.0,low,dense,44,0.825,0.8237967216228086,0.985,0.9837474174976144,0.19,0.06386554621848739,0.9949874686716792,0.2998120188713074,0.04
1.5,2.0,medium,sparse,42,0.76,0.7553286781711439,0.955,0.9556326597637534,0.16,0.05517241379310345,1.0,0.548872172832489,0.005
1.5,2.0,medium,sparse,43,0.775,0.7777253242776819,0.995,0.9951779230210602,0.215,0.07078189300411522,0.9974937343358397,0.548872172832489,0.005
1.5,2.0,medium,sparse,44,0.805,0.7974792839006565,0.99,0.9884357198442062,0.205,0.06804979253112034,0.9949874686716792,0.548872172832489,0.005
1.5,2.0,medium,medium,42,0.885,0.88444297852117,0.965,0.9619116302378046,0.225,0.07346938775510205,1.0,0.5497075915336609,0.015
1.5,2.0,medium,medium,43,0.945,0.944462973615862,1.0,1.0,0.205,0.06804979253112034,0.9974937343358397,0.5497075915336609,0.015
1.5,2.0,medium,medium,44,0.905,0.906292941219727,1.0,1.0,0.205,0.06804979253112034,0.9949874686716792,0.5497075915336609,0.015
1.5,2.0,medium,dense,42,0.985,0.9843501177185388,0.985,0.9844365058094471,0.225,0.07346938775510205,1.0,0.5498120188713074,0.04
1.5,2.0,medium,dense,43,0.99,0.9902561700054345,1.0,1.0,0.185,0.06244725738396625,0.9974937343358397,0.5498120188713074,0.04
1.5,2.0,medium,dense,44,0.985,0.9849981098155567,0.985,0.9837922268522158,0.18,0.061016949152542375,0.9949874686716792,0.5498120188713074,0.04
1.5,2.0,high,sparse,42,0.91,0.9105418636696052,0.96,0.960187803117931,0.16,0.05517241379310345,1.0,0.7994987368583679,0.005
1.5,2.0,high,sparse,43,0.92,0.9197647111694923,0.995,0.9957594018524718,0.17,0.05811965811965812,0.9974937343358397,0.7994987368583679,0.005
1.5,2.0,high,sparse,44,0.92,0.922315511428255,0.98,0.9765942829100724,0.195,0.06527196652719666,0.9949874686716792,0.7994987368583679,0.005
1.5,2.0,high,medium,42,0.995,0.9955417956656347,0.96,0.954846556344045,0.215,0.07078189300411522,1.0,0.7994987368583679,0.015
1.5,2.0,high,medium,43,0.99,0.9899803921568628,0.99,0.9894207711649923,0.205,0.06804979253112034,0.9974937343358397,0.7994987368583679,0.015
1.5,2.0,high,medium,44,0.985,0.9844483381375276,0.98,0.9799730141285004,0.185,0.06244725738396625,0.9949874686716792,0.7994987368583679,0.015
1.5,2.0,high,dense,42,1.0,1.0,0.965,0.9627768371622463,0.24,0.07741935483870968,1.0,0.7998120188713074,0.04
1.5,2.0,high,dense,43,1.0,1.0,0.99,0.9895483870967741,0.195,0.06527196652719666,0.9974937343358397,0.7998120188713074,0.04
1.5,2.0,high,dense,44,1.0,1.0,0.985,0.9844244364313912,0.195,0.06527196652719666,0.9949874686716792,0.7998120188713074,0.04
