dataset,model,defense,defense_params,seed,config_hash,homophily,density,test_accuracy,val_accuracy,train_accuracy,gen_gap,split_protocol,test_f1,test_auroc,conf_attack_auc,conf_attack_acc,threshold_attack_auc,threshold_attack_acc,conf_tpr_at_0.001_fpr,conf_tpr_at_0.01_fpr,gap_attack_auc,gap_attack_acc,mlp_phi_attack_auc,mlp_phi_attack_acc,shadow_attack_auc,shadow_attack_acc,lira_attack_auc,lira_attack_acc,lira_tpr_at_0.001_fpr,lira_tpr_at_0.01_fpr,ece_test,train_seconds,multi_query_k,dp_epsilon,wall_seconds
Chameleon,GraphSAGE,none,{},42,06e54a47c487,0.235,0.006966,0.4402,0.5055,0.9594,0.5192,random_40_20_40,0.4383,0.7591,0.8829,0.82,0.8884,0.8299,0.0,0.1076,0.7596,0.7596,0.8858,0.8255,,,0.6328,0.6092,0.0066,0.0571,0.2938,5.9302,1,,36.27
Chameleon,GraphSAGE,gtd,"{""gamma"": 1.0, ""stage1_frac"": 0.5, ""pseudo_conf"": 0.8}",42,06e54a47c487,0.235,0.006966,0.4665,0.5275,0.9572,0.4907,random_40_20_40,0.4612,0.7187,0.8014,0.7475,0.7684,0.6894,0.0,0.0296,0.7453,0.7453,0.797,0.7519,,,0.5933,0.5692,0.0011,0.0176,0.4093,7.4447,1,,38.63
Chameleon,GraphSAGE,lbp,"{""scale"": 0.3}",42,06e54a47c487,0.235,0.006966,0.393,0.4198,0.7947,0.4018,random_40_20_40,0.3919,0.6717,0.7605,0.7179,0.7542,0.697,0.0,0.0,0.7009,0.7009,0.7621,0.7058,,,0.5369,0.5313,0.0011,0.0241,0.2173,8.9053,1,,40.83
Chameleon,GraphSAGE,maskarmor,"{""top_k"": 1}",42,06e54a47c487,0.235,0.006966,0.4402,0.5055,0.9594,0.5192,random_40_20_40,0.4383,0.6496,0.7561,0.753,0.7596,0.5,0.0,0.0,0.7596,0.7596,0.7561,0.753,,,0.7688,0.674,0.0,0.0,0.5598,7.0716,1,,36.45
Chameleon,GraphSAGE,sami,"{""lam"": 0.5, ""use_lte"": true, ""use_gate"": true, ""arch_aware"": true, ""noise_scale"": 0.35, ""budget_B"": 0.0, ""warmup_epochs"": 5, ""entropy_coef"": 0.05}",42,06e54a47c487,0.235,0.006966,0.4369,0.6725,0.9023,0.4654,random_40_20_40,0.4345,0.7195,0.7908,0.7563,0.7914,0.7322,0.0,0.0,0.7327,0.7327,0.7912,0.7585,,,0.5615,0.5494,0.0022,0.034,0.2076,22.9096,1,,125.95
Chameleon,GraphSAGE,none,{},123,06e54a47c487,0.235,0.006966,0.4643,0.4659,0.966,0.5016,random_40_20_40,0.4609,0.7564,0.8688,0.8255,0.8773,0.8167,0.0011,0.0637,0.7508,0.7508,0.8724,0.8288,,,0.6052,0.5955,0.0011,0.056,0.2792,8.9238,1,,45.43
Chameleon,GraphSAGE,gtd,"{""gamma"": 1.0, ""stage1_frac"": 0.5, ""pseudo_conf"": 0.8}",123,06e54a47c487,0.235,0.006966,0.4786,0.4791,0.9594,0.4808,random_40_20_40,0.4716,0.718,0.7885,0.7563,0.7703,0.6948,0.0,0.034,0.7404,0.7404,0.8026,0.7596,,,0.5698,0.5571,0.0,0.0165,0.3975,9.2594,1,,44.74
Chameleon,GraphSAGE,lbp,"{""scale"": 0.3}",123,06e54a47c487,0.235,0.006966,0.3974,0.367,0.8189,0.4215,random_40_20_40,0.395,0.67,0.7595,0.7102,0.7683,0.6992,0.0,0.0615,0.7108,0.7108,0.7595,0.7124,,,0.5309,0.5291,0.0044,0.0505,0.2082,9.4314,1,,42.73
Chameleon,GraphSAGE,maskarmor,"{""top_k"": 1}",123,06e54a47c487,0.235,0.006966,0.4643,0.4659,0.966,0.5016,random_40_20_40,0.4609,0.6649,0.762,0.764,0.7508,0.5,0.0,0.0,0.7508,0.7508,0.762,0.764,,,0.773,0.68,0.0,0.0,0.5357,7.3806,1,,36.34
Chameleon,GraphSAGE,sami,"{""lam"": 0.5, ""use_lte"": true, ""use_gate"": true, ""arch_aware"": true, ""noise_scale"": 0.35, ""budget_B"": 0.0, ""warmup_epochs"": 5, ""entropy_coef"": 0.05}",123,06e54a47c487,0.235,0.006966,0.4808,0.6923,0.9385,0.4577,random_40_20_40,0.4796,0.7261,0.794,0.7486,0.7942,0.7256,0.0,0.0637,0.7289,0.7289,0.7943,0.7409,,,0.539,0.5368,0.0011,0.0318,0.1764,22.2899,1,,110.51
Chameleon,GraphSAGE,none,{},456,06e54a47c487,0.235,0.006966,0.438,0.4571,0.9616,0.5236,random_40_20_40,0.4338,0.7607,0.8716,0.809,0.8877,0.8211,0.0011,0.1175,0.7618,0.7618,0.8734,0.8057,,,0.6153,0.5867,0.0033,0.0637,0.2961,7.0549,1,,35.95
Chameleon,GraphSAGE,gtd,"{""gamma"": 1.0, ""stage1_frac"": 0.5, ""pseudo_conf"": 0.8}",456,06e54a47c487,0.235,0.006966,0.4577,0.4879,0.9528,0.4951,random_40_20_40,0.4512,0.7252,0.7933,0.7344,0.7566,0.6795,0.0011,0.0296,0.7475,0.7475,0.7905,0.7453,,,0.574,0.5521,0.0,0.0209,0.4162,7.2419,1,,38.27
Chameleon,GraphSAGE,lbp,"{""scale"": 0.3}",456,06e54a47c487,0.235,0.006966,0.382,0.3626,0.809,0.427,random_40_20_40,0.3808,0.6687,0.7476,0.7003,0.7631,0.697,0.0,0.0,0.7135,0.7135,0.7486,0.6937,,,0.5484,0.5362,0.0088,0.0384,0.2249,8.0411,1,,39.46
Chameleon,GraphSAGE,maskarmor,"{""top_k"": 1}",456,06e54a47c487,0.235,0.006966,0.438,0.4571,0.9616,0.5236,random_40_20_40,0.4338,0.6536,0.75,0.7497,0.7618,0.5,0.0,0.0,0.7618,0.7618,0.75,0.7497,,,0.7872,0.697,0.0,0.0,0.562,7.0523,1,,35.62
Chameleon,GraphSAGE,sami,"{""lam"": 0.5, ""use_lte"": true, ""use_gate"": true, ""arch_aware"": true, ""noise_scale"": 0.35, ""budget_B"": 0.0, ""warmup_epochs"": 5, ""entropy_coef"": 0.05}",456,06e54a47c487,0.235,0.006966,0.4566,0.6308,0.9155,0.4588,random_40_20_40,0.4534,0.7214,0.7821,0.7311,0.7909,0.7179,0.0,0.0,0.7294,0.7294,0.7817,0.7311,,,0.5481,0.5346,0.0077,0.0231,0.1919,23.3819,1,,120.98
Chameleon,GraphSAGE,none,{},789,06e54a47c487,0.235,0.006966,0.4786,0.4989,0.9638,0.4852,random_40_20_40,0.4745,0.7753,0.8881,0.8233,0.8866,0.8178,0.0362,0.1142,0.7426,0.7426,0.889,0.8123,,,0.64,0.6158,0.0329,0.0735,0.2611,8.0306,1,,38.71
Chameleon,GraphSAGE,gtd,"{""gamma"": 1.0, ""stage1_frac"": 0.5, ""pseudo_conf"": 0.8}",789,06e54a47c487,0.235,0.006966,0.5159,0.5033,0.9583,0.4424,random_40_20_40,0.5143,0.7504,0.7783,0.7398,0.7424,0.6641,0.0066,0.0395,0.7212,0.7212,0.7755,0.7377,,,0.5961,0.5774,0.0011,0.0351,0.3616,7.5771,1,,38.75
Chameleon,GraphSAGE,lbp,"{""scale"": 0.3}",789,06e54a47c487,0.235,0.006966,0.4193,0.3714,0.8057,0.3864,random_40_20_40,0.4181,0.6832,0.7489,0.6937,0.7462,0.6883,0.0,0.0,0.6932,0.6932,0.7482,0.7091,,,0.558,0.5483,0.0022,0.034,0.1916,7.6882,1,,38.83
Chameleon,GraphSAGE,maskarmor,"{""top_k"": 1}",789,06e54a47c487,0.235,0.006966,0.4786,0.4989,0.9638,0.4852,random_40_20_40,0.4745,0.6739,0.746,0.7453,0.7426,0.5,0.0,0.0,0.7426,0.7426,0.746,0.7453,,,0.7796,0.6844,0.0,0.0,0.5214,7.2636,1,,37.99
Chameleon,GraphSAGE,sami,"{""lam"": 0.5, ""use_lte"": true, ""use_gate"": true, ""arch_aware"": true, ""noise_scale"": 0.35, ""budget_B"": 0.0, ""warmup_epochs"": 5, ""entropy_coef"": 0.05}",789,06e54a47c487,0.235,0.006966,0.4929,0.6835,0.9221,0.4292,random_40_20_40,0.4917,0.743,0.7802,0.7322,0.7762,0.7091,0.0,0.0,0.7146,0.7146,0.7811,0.7278,,,0.5559,0.5456,0.0088,0.0362,0.1525,27.5935,1,,138.85
Chameleon,GraphSAGE,none,{},1024,06e54a47c487,0.235,0.006966,0.4215,0.422,0.9605,0.539,random_40_20_40,0.4168,0.7475,0.8884,0.8288,0.8787,0.8244,0.0132,0.0681,0.7695,0.7695,0.8898,0.8332,,,0.6192,0.6026,0.0077,0.0571,0.3174,10.5521,1,,43.56
Chameleon,GraphSAGE,gtd,"{""gamma"": 1.0, ""stage1_frac"": 0.5, ""pseudo_conf"": 0.8}",1024,06e54a47c487,0.235,0.006966,0.4544,0.422,0.9561,0.5016,random_40_20_40,0.4445,0.7062,0.7756,0.7552,0.7779,0.7113,0.011,0.0351,0.7508,0.7508,0.8041,0.7552,,,0.5739,0.5576,0.0044,0.0132,0.4186,11.6194,1,,48.97
Chameleon,GraphSAGE,lbp,"{""scale"": 0.3}",1024,06e54a47c487,0.235,0.006966,0.3524,0.389,0.8079,0.4555,random_40_20_40,0.35,0.6414,0.7863,0.7355,0.7782,0.7157,0.0,0.0,0.7278,0.7278,0.783,0.7289,,,0.5447,0.5329,0.0033,0.0165,0.2613,9.7525,1,,46.42
Chameleon,GraphSAGE,maskarmor,"{""top_k"": 1}",1024,06e54a47c487,0.235,0.006966,0.4215,0.422,0.9605,0.539,random_40_20_40,0.4168,0.6362,0.7721,0.7695,0.7695,0.5,0.0,0.0,0.7695,0.7695,0.7721,0.7695,,,0.7608,0.6674,0.0,0.0,0.5785,8.7002,1,,44.65
Chameleon,GraphSAGE,sami,"{""lam"": 0.5, ""use_lte"": true, ""use_gate"": true, ""arch_aware"": true, ""noise_scale"": 0.35, ""budget_B"": 0.0, ""warmup_epochs"": 5, ""entropy_coef"": 0.05}",1024,06e54a47c487,0.235,0.006966,0.4325,0.6769,0.9166,0.4841,random_40_20_40,0.4322,0.7148,0.8001,0.7409,0.799,0.7267,0.0,0.034,0.742,0.742,0.7991,0.742,,,0.5506,0.5488,0.0033,0.0252,0.2165,30.4671,1,,146.72
