dataset,model,defense,baseline,metric,delta_mean,delta_std,ci_low,ci_high,n_seeds
Citeseer,GCN,sami,none,lira_attack_auc,0.015439999999999964,0.009294783483223283,0.006939999999999946,0.02122049999999997,5
Citeseer,GraphSAGE,sami,none,lira_attack_auc,-0.005320000000000014,0.005227523314151765,-0.009540000000000038,-0.0018799999999999928,5
Cora,GCN,sami,none,lira_attack_auc,-0.006759999999999966,0.009339593138889933,-0.014599999999999991,0.0006000000000000227,5
Cora,GraphSAGE,sami,none,lira_attack_auc,-0.027960000000000006,0.010181011737543589,-0.03590000000000002,-0.02023999999999999,5
PubMed,GCN,sami,none,lira_attack_auc,-0.0013199999999999878,0.00471243037083841,-0.005105000000000007,0.0021800000000000265,5
PubMed,GraphSAGE,sami,none,lira_attack_auc,-0.003120000000000045,0.0022620786900547493,-0.0050400000000000115,-0.0015800000000000703,5
synthetic_high_dense,GCN,sami,none,lira_attack_auc,0.015240000000000009,0.038582742256091644,-0.013519999999999976,0.04288000000000001,5
synthetic_high_dense,GraphSAGE,sami,none,lira_attack_auc,0.013160000000000015,0.03649695877741048,-0.016679999999999983,0.039980000000000016,5
synthetic_low_medium,GCN,sami,none,lira_attack_auc,-0.0035800000000000276,0.020695700036480996,-0.01978000000000002,0.011116999999999874,5
synthetic_low_medium,GraphSAGE,sami,none,lira_attack_auc,0.0016800000000000038,0.04406718733933445,-0.02939049999999991,0.03831999999999998,5
synthetic_low_sparse,GCN,sami,none,lira_attack_auc,0.0029000000000000137,0.02763846956689172,-0.017579999999999995,0.025663999999999975,5
synthetic_low_sparse,GraphSAGE,sami,none,lira_attack_auc,0.007360000000000011,0.01849183603647837,-0.006389499999999969,0.021360000000000035,5
Citeseer,GCN,lbp,none,lira_attack_auc,0.033520000000000015,0.004307783652877654,0.030420000000000023,0.03722000000000001,5
Citeseer,GraphSAGE,lbp,none,lira_attack_auc,0.10002,0.0038989742240748628,0.09684,0.10274000000000003,5
Cora,GCN,lbp,none,lira_attack_auc,0.02205999999999999,0.010330682455675413,0.01552,0.03061999999999998,5
Cora,GraphSAGE,lbp,none,lira_attack_auc,0.07791999999999999,0.008034114761440751,0.07264,0.08483999999999998,5
PubMed,GCN,lbp,none,lira_attack_auc,0.00013999999999997348,0.0017994443586840914,-0.0013000000000000455,0.0015599999999999503,5
PubMed,GraphSAGE,lbp,none,lira_attack_auc,-0.0006200000000000205,0.0023004347415216944,-0.002100000000000035,0.00129999999999999,5
synthetic_high_dense,GCN,lbp,none,lira_attack_auc,-0.005439999999999989,0.023004847315294244,-0.02458000000000001,0.011380000000000012,5
synthetic_high_dense,GraphSAGE,lbp,none,lira_attack_auc,-0.008400000000000019,0.01718123976900385,-0.02128000000000002,0.006195999999999876,5
synthetic_low_medium,GCN,lbp,none,lira_attack_auc,0.0005999999999999894,0.01468894141863191,-0.01070000000000001,0.011899999999999989,5
synthetic_low_medium,GraphSAGE,lbp,none,lira_attack_auc,-0.010540000000000004,0.03059678087642553,-0.03206,0.012719999999999976,5
synthetic_low_sparse,GCN,lbp,none,lira_attack_auc,-0.009319999999999985,0.007405876045411493,-0.015260999999999993,-0.0033400000000000096,5
synthetic_low_sparse,GraphSAGE,lbp,none,lira_attack_auc,-0.010899999999999988,0.02521864389692674,-0.030099999999999995,0.009140000000000014,5
Citeseer,GCN,gtd,none,lira_attack_auc,-0.01376000000000004,0.002103092960380023,-0.015440000000000054,-0.012039500000000031,5
Citeseer,GraphSAGE,gtd,none,lira_attack_auc,-0.044679999999999984,0.0026677706048309126,-0.04643999999999997,-0.042240000000000014,5
Cora,GCN,gtd,none,lira_attack_auc,-0.004360000000000008,0.00558730704364815,-0.009180000000000032,-5.9999999999993395e-05,5
Cora,GraphSAGE,gtd,none,lira_attack_auc,-0.028479999999999995,0.0022720035211239937,-0.030199999999999984,-0.026780000000000026,5
PubMed,GCN,gtd,none,lira_attack_auc,-0.0020199999999999997,0.0013881642554107226,-0.003100000000000003,-0.0009399999999999964,5
PubMed,GraphSAGE,gtd,none,lira_attack_auc,-0.003080000000000016,0.0023036926878383605,-0.004960000000000009,-0.0011600000000000054,5
synthetic_high_dense,GCN,gtd,none,lira_attack_auc,-0.004199999999999993,0.008839966063283267,-0.011822499999999982,0.0029200000000000003,5
synthetic_high_dense,GraphSAGE,gtd,none,lira_attack_auc,0.0007400000000000184,0.0016195678435928452,-0.0005814999999999669,0.0018200000000000217,5
synthetic_low_medium,GCN,gtd,none,lira_attack_auc,0.0032599999999999964,0.0023964557162609924,0.001499500000000013,0.005139999999999989,5
synthetic_low_medium,GraphSAGE,gtd,none,lira_attack_auc,-0.004999999999999993,0.01115504370229001,-0.01328699999999998,0.0035600000000000076,5
synthetic_low_sparse,GCN,gtd,none,lira_attack_auc,0.0016199999999999882,0.0034412207136421675,-0.0009199999999999986,0.0041599999999999745,5
synthetic_low_sparse,GraphSAGE,gtd,none,lira_attack_auc,-0.0007199999999999984,0.007587621498203512,-0.006440000000000001,0.0050000000000000044,5
Citeseer,GCN,label_smoothing,none,lira_attack_auc,0.007599999999999984,0.003623534186398736,0.00479999999999996,0.010720000000000018,5
Citeseer,GraphSAGE,label_smoothing,none,lira_attack_auc,0.014879999999999982,0.005046979294587962,0.011099999999999999,0.01851999999999996,5
Cora,GCN,label_smoothing,none,lira_attack_auc,0.009599999999999987,0.00394461658466323,0.00651999999999997,0.012340000000000018,5
Cora,GraphSAGE,label_smoothing,none,lira_attack_auc,0.02390000000000001,0.004028647415696703,0.020500000000000053,0.026759999999999985,5
PubMed,GCN,label_smoothing,none,lira_attack_auc,-0.0011400000000000078,0.0016949926253526872,-0.002482000000000001,-1.1102230246251566e-17,5
PubMed,GraphSAGE,label_smoothing,none,lira_attack_auc,-0.0015200000000000324,0.0018552627846210967,-0.0029200000000000337,-4.00000000000178e-05,5
synthetic_high_dense,GCN,label_smoothing,none,lira_attack_auc,0.0071000000000000065,0.015695222202950825,-0.0035800000000000055,0.019620000000000037,5
synthetic_high_dense,GraphSAGE,label_smoothing,none,lira_attack_auc,0.01077999999999999,0.015723453819056387,-0.0007199999999999874,0.02383999999999995,5
synthetic_low_medium,GCN,label_smoothing,none,lira_attack_auc,0.0007999999999999896,0.004588027898781787,-0.0025599999999999954,0.004820000000000002,5
synthetic_low_medium,GraphSAGE,label_smoothing,none,lira_attack_auc,0.0015399999999999969,0.0324257305237677,-0.020019999999999993,0.02864000000000002,5
synthetic_low_sparse,GCN,label_smoothing,none,lira_attack_auc,0.0005000000000000004,0.006557819759645713,-0.004559999999999986,0.005560499999999984,5
synthetic_low_sparse,GraphSAGE,label_smoothing,none,lira_attack_auc,0.00023999999999999578,0.010229027324237602,-0.00783999999999998,0.008319999999999972,5
Citeseer,GCN,dropedge,none,lira_attack_auc,-0.0022399999999999976,0.003844866707702628,-0.004939999999999967,0.0009000000000000119,5
Citeseer,GraphSAGE,dropedge,none,lira_attack_auc,0.009399999999999986,0.006046900032247906,0.0043199999999999905,0.01367999999999996,5
Cora,GCN,dropedge,none,lira_attack_auc,-0.0024399999999999535,0.004561578674099571,-0.005519999999999947,0.0015000000000000347,5
Cora,GraphSAGE,dropedge,none,lira_attack_auc,0.008079999999999999,0.007153460700947468,0.0028400000000000205,0.013579999999999991,5
PubMed,GCN,dropedge,none,lira_attack_auc,-0.0008399999999999852,0.0018474306482247336,-0.002300000000000002,0.0005800000000000249,5
PubMed,GraphSAGE,dropedge,none,lira_attack_auc,-0.001960000000000006,0.0011081516141756363,-0.0028005000000000243,-0.0011199999999999878,5
synthetic_high_dense,GCN,dropedge,none,lira_attack_auc,-0.00042000000000000923,0.009086088267235797,-0.006700000000000017,0.006759999999999977,5
synthetic_high_dense,GraphSAGE,dropedge,none,lira_attack_auc,-0.002960000000000007,0.0037300134048016296,-0.006179999999999986,-0.00024000000000001798,5
synthetic_low_medium,GCN,dropedge,none,lira_attack_auc,0.007619999999999993,0.007904239368845033,0.0020600000000000063,0.013619999999999976,5
synthetic_low_medium,GraphSAGE,dropedge,none,lira_attack_auc,0.0031200000000000004,0.025523067997401866,-0.015980000000000005,0.022419999999999975,5
synthetic_low_sparse,GCN,dropedge,none,lira_attack_auc,0.000539999999999996,0.007709280122034743,-0.005140000000000022,0.007220000000000004,5
synthetic_low_sparse,GraphSAGE,dropedge,none,lira_attack_auc,-0.0008999999999999786,0.01065058683829204,-0.008919999999999961,0.007120000000000004,5
Citeseer,GCN,sami,none,conf_attack_auc,-0.008220000000000005,0.009804947730610306,-0.015180000000000016,-5.999999999997119e-05,5
Citeseer,GraphSAGE,sami,none,conf_attack_auc,-0.08437999999999998,0.019219443280178536,-0.10011999999999999,-0.06927999999999998,5
Cora,GCN,sami,none,conf_attack_auc,-0.014680000000000026,0.014008640190967866,-0.026900000000000035,-0.0045570000000000254,5
Cora,GraphSAGE,sami,none,conf_attack_auc,-0.07638,0.006391556930826809,-0.08178,-0.07187999999999999,5
PubMed,GCN,sami,none,conf_attack_auc,0.006259999999999999,0.010224138105483501,-0.0007399999999999962,0.014659999999999973,5
PubMed,GraphSAGE,sami,none,conf_attack_auc,0.0024000000000000354,0.006610219360959214,-0.002279999999999971,0.007822000000000037,5
synthetic_high_dense,GCN,sami,none,conf_attack_auc,0.00928,0.01981456534976229,-0.006820000000000004,0.025460000000000003,5
synthetic_high_dense,GraphSAGE,sami,none,conf_attack_auc,0.019779999999999985,0.010531239243318002,0.012079999999999947,0.027480000000000025,5
synthetic_low_medium,GCN,sami,none,conf_attack_auc,-0.010259999999999991,0.02718589707918429,-0.030499999999999992,0.009980000000000011,5
synthetic_low_medium,GraphSAGE,sami,none,conf_attack_auc,-0.02801999999999999,0.05590077816989673,-0.07500000000000001,0.007200000000000028,5
synthetic_low_sparse,GCN,sami,none,conf_attack_auc,0.013979999999999982,0.05384539906064398,-0.02622000000000003,0.05339999999999997,5
synthetic_low_sparse,GraphSAGE,sami,none,conf_attack_auc,-0.04886,0.13455879012535746,-0.1414899999999999,0.06077999999999999,5
Citeseer,GCN,lbp,none,conf_attack_auc,-0.014119999999999999,0.020733957654051484,-0.03270000000000002,-0.0011200000000000099,5
Citeseer,GraphSAGE,lbp,none,conf_attack_auc,-0.08475999999999999,0.03704312351840757,-0.11813999999999998,-0.06483999999999998,5
Cora,GCN,lbp,none,conf_attack_auc,-0.019440000000000034,0.02738855600428763,-0.040180000000000035,0.0007734999999998872,5
Cora,GraphSAGE,lbp,none,conf_attack_auc,-0.07135999999999998,0.029017287950461552,-0.09325999999999997,-0.04723999999999997,5
PubMed,GCN,lbp,none,conf_attack_auc,6.0000000000004494e-05,0.008009556791733244,-0.006120000000000003,0.006240000000000012,5
PubMed,GraphSAGE,lbp,none,conf_attack_auc,-0.0004999999999999894,0.007251896303726321,-0.006307499999999936,0.0048799999999999955,5
synthetic_high_dense,GCN,lbp,none,conf_attack_auc,0.006239999999999979,0.022580367578939022,-0.01042000000000005,0.02557999999999998,5
synthetic_high_dense,GraphSAGE,lbp,none,conf_attack_auc,0.017119999999999958,0.0297455374804356,-0.005820000000000036,0.04005999999999995,5
synthetic_low_medium,GCN,lbp,none,conf_attack_auc,-0.055559999999999964,0.07650939811552562,-0.11545999999999994,-0.0023199999999999887,5
synthetic_low_medium,GraphSAGE,lbp,none,conf_attack_auc,-0.007300000000000029,0.05634718271573123,-0.04798000000000002,0.033379999999999965,5
synthetic_low_sparse,GCN,lbp,none,conf_attack_auc,-0.03598000000000005,0.07880118653929012,-0.08738000000000005,0.03341999999999995,5
synthetic_low_sparse,GraphSAGE,lbp,none,conf_attack_auc,-0.024660000000000026,0.09694840380326022,-0.09727249999999996,0.049999999999999975,5
Citeseer,GCN,gtd,none,conf_attack_auc,0.012219999999999986,0.03380927387566909,-0.015200000000000014,0.03621999999999999,5
Citeseer,GraphSAGE,gtd,none,conf_attack_auc,-0.11172,0.03697292252446375,-0.13657999999999998,-0.07748000000000002,5
Cora,GCN,gtd,none,conf_attack_auc,-0.016700000000000003,0.01508857183433869,-0.027279999999999992,-0.0036000000000000034,5
Cora,GraphSAGE,gtd,none,conf_attack_auc,-0.06536000000000002,0.0065607164242939,-0.07056,-0.06016000000000003,5
PubMed,GCN,gtd,none,conf_attack_auc,-0.002180000000000004,0.002982783934514885,-0.004380000000000028,0.00017999999999999128,5
PubMed,GraphSAGE,gtd,none,conf_attack_auc,-0.0012399999999999744,0.003870788033463004,-0.004580000000000006,0.0015800000000000703,5
synthetic_high_dense,GCN,gtd,none,conf_attack_auc,-0.00129999999999999,0.006802573042606759,-0.006800000000000006,0.003780000000000017,5
synthetic_high_dense,GraphSAGE,gtd,none,conf_attack_auc,-0.002080000000000015,0.00980520270060745,-0.009099999999999997,0.005179999999999974,5
synthetic_low_medium,GCN,gtd,none,conf_attack_auc,-0.01497999999999997,0.018082920118166756,-0.026859999999999974,0.00046000000000001595,5
synthetic_low_medium,GraphSAGE,gtd,none,conf_attack_auc,0.006640000000000012,0.0237087114791167,-0.009799999999999986,0.025880000000000004,5
synthetic_low_sparse,GCN,gtd,none,conf_attack_auc,-0.017500000000000016,0.06605527987980973,-0.07210000000000001,0.03901999999999998,5
synthetic_low_sparse,GraphSAGE,gtd,none,conf_attack_auc,0.02353999999999997,0.07841296448929859,-0.018600000000000026,0.09306,5
Citeseer,GCN,label_smoothing,none,conf_attack_auc,0.02028000000000003,0.006306900982257447,0.014900000000000024,0.024700000000000034,5
Citeseer,GraphSAGE,label_smoothing,none,conf_attack_auc,0.06415999999999997,0.007129726502468357,0.058820000000000004,0.06957999999999995,5
Cora,GCN,label_smoothing,none,conf_attack_auc,0.034559999999999994,0.032737715253206054,0.010539999999999994,0.06042000000000001,5
Cora,GraphSAGE,label_smoothing,none,conf_attack_auc,0.06144000000000001,0.013662100863337244,0.051019999999999996,0.07206000000000001,5
PubMed,GCN,label_smoothing,none,conf_attack_auc,-0.0003400000000000181,0.0020280532537387016,-0.0019200000000000439,0.0012400000000000078,5
PubMed,GraphSAGE,label_smoothing,none,conf_attack_auc,0.0029400000000000094,0.006052520136273818,-0.0011600000000000054,0.008200000000000008,5
synthetic_high_dense,GCN,label_smoothing,none,conf_attack_auc,0.002960000000000007,0.010580784469971958,-0.005440000000000012,0.010065999999999948,5
synthetic_high_dense,GraphSAGE,label_smoothing,none,conf_attack_auc,0.004239999999999989,0.045427612748195324,-0.02779999999999998,0.042899999999999994,5
synthetic_low_medium,GCN,label_smoothing,none,conf_attack_auc,0.010960000000000036,0.03246171591274864,-0.007999999999999919,0.03904000000000003,5
synthetic_low_medium,GraphSAGE,label_smoothing,none,conf_attack_auc,0.0801,0.05092214645908004,0.04154000000000002,0.1189,5
synthetic_low_sparse,GCN,label_smoothing,none,conf_attack_auc,0.005520000000000002,0.023124164849784343,-0.01546000000000003,0.020920000000000015,5
synthetic_low_sparse,GraphSAGE,label_smoothing,none,conf_attack_auc,0.0809,0.11229142888039138,-0.0006599999999999939,0.17391999999999996,5
Citeseer,GCN,dropedge,none,conf_attack_auc,0.010180000000000012,0.0033566352199784375,0.007940000000000036,0.012999999999999989,5
Citeseer,GraphSAGE,dropedge,none,conf_attack_auc,0.020640000000000013,0.006967639485507243,0.01456000000000004,0.025680000000000015,5
Cora,GCN,dropedge,none,conf_attack_auc,-0.008340000000000014,0.019183925562824753,-0.022160000000000048,0.0060399999999999785,5
Cora,GraphSAGE,dropedge,none,conf_attack_auc,0.03011999999999999,0.004903264218864826,0.026416000000000005,0.03387999999999998,5
PubMed,GCN,dropedge,none,conf_attack_auc,0.0006199999999999761,0.0012517987058628752,-0.00022000000000004237,0.0016599999999999614,5
PubMed,GraphSAGE,dropedge,none,conf_attack_auc,0.0008600000000000164,0.005454631059934328,-0.002960000000000007,0.005240000000000045,5
synthetic_high_dense,GCN,dropedge,none,conf_attack_auc,0.012360000000000005,0.024511283116148797,-0.005960000000000032,0.03218000000000001,5
synthetic_high_dense,GraphSAGE,dropedge,none,conf_attack_auc,0.006500000000000006,0.023533911702052424,-0.010399999999999987,0.026500000000000013,5
synthetic_low_medium,GCN,dropedge,none,conf_attack_auc,0.00576000000000001,0.055536726587007264,-0.03427999999999998,0.04965999999999997,5
synthetic_low_medium,GraphSAGE,dropedge,none,conf_attack_auc,-0.008679999999999976,0.0274535425765055,-0.028339999999999976,0.012900000000000033,5
synthetic_low_sparse,GCN,dropedge,none,conf_attack_auc,0.0005799999999999472,0.03392148286853038,-0.025440000000000063,0.026599999999999957,5
synthetic_low_sparse,GraphSAGE,dropedge,none,conf_attack_auc,-0.015439999999999987,0.10110280906087625,-0.087542,0.06844000000000001,5
