dataset,model,defense,baseline,metric,mean_baseline,mean_defense,diff,t_stat,p_value,n_seeds,util_diff,util_baseline,util_defense,p_adjusted,adjustment,effect_size_delta
Citeseer,GCN,sami,none,lira_attack_auc,0.55978,0.5752200000000001,0.015439999999999964,-3.714437203934092,0.020574151603041272,5,0.0065999999999999835,0.71706,0.72366,0.9669851253429398,holm,0.015439999999999964
Citeseer,GCN,lbp,none,lira_attack_auc,0.55978,0.5932999999999999,0.033520000000000015,-17.39943429046708,6.404823060119383e-05,5,-0.12082000000000004,0.71706,0.59624,0.0035867009136668544,holm,0.033520000000000015
Citeseer,GCN,gtd,none,lira_attack_auc,0.55978,0.54602,-0.01376000000000004,14.630021568251292,0.00012698838670786812,5,0.007079999999999998,0.71706,0.72414,0.006984361268932746,holm,-0.01376000000000004
Citeseer,GCN,dropedge,none,lira_attack_auc,0.55978,0.55754,-0.0022399999999999976,1.302721953810555,0.2626070255873459,5,0.0036199999999999787,0.71706,0.72068,1.0,holm,-0.0022399999999999976
Citeseer,GCN,label_smoothing,none,lira_attack_auc,0.55978,0.56738,0.007599999999999984,-4.689928604175261,0.009378242349370661,5,-0.003320000000000034,0.71706,0.7137399999999999,0.4595338751191624,holm,0.007599999999999984
Citeseer,GraphSAGE,sami,none,lira_attack_auc,0.5956400000000001,0.59032,-0.005320000000000014,2.2756247892945414,0.08519687191181943,5,0.004479999999999973,0.7400599999999999,0.74454,1.0,holm,-0.005320000000000014
Citeseer,GraphSAGE,lbp,none,lira_attack_auc,0.5956400000000001,0.69566,0.10002,-57.36163058697736,5.530773527481666e-07,5,-0.127,0.7400599999999999,0.6130599999999999,3.318464116488999e-05,holm,0.10002
Citeseer,GraphSAGE,gtd,none,lira_attack_auc,0.5956400000000001,0.5509600000000001,-0.044679999999999984,37.44981560774895,3.0359242583063364e-06,5,-0.0009200000000000097,0.7400599999999999,0.7391400000000001,0.00017911953124007384,holm,-0.044679999999999984
Citeseer,GraphSAGE,dropedge,none,lira_attack_auc,0.5956400000000001,0.60504,0.009399999999999986,-3.4760023940207696,0.025444284215969632,5,0.01005999999999998,0.7400599999999999,0.75012,1.0,holm,0.009399999999999986
Citeseer,GraphSAGE,label_smoothing,none,lira_attack_auc,0.5956400000000001,0.61052,0.014879999999999982,-6.592595206577568,0.0027420887089042245,5,-0.002420000000000022,0.7400599999999999,0.73764,0.1453307015719239,holm,0.014879999999999982
Cora,GCN,sami,none,lira_attack_auc,0.53944,0.53268,-0.006759999999999966,1.618466597324935,0.18087308053980056,5,-0.0031600000000000074,0.86538,0.86222,1.0,holm,-0.006759999999999966
Cora,GCN,lbp,none,lira_attack_auc,0.53944,0.5614999999999999,0.02205999999999999,-4.774869404348594,0.008808575585791682,5,-0.18208000000000002,0.86538,0.6833,0.44042877928958407,holm,0.02205999999999999
Cora,GCN,gtd,none,lira_attack_auc,0.53944,0.53508,-0.004360000000000008,1.744893614354415,0.1559436878821148,5,0.008679999999999955,0.86538,0.8740600000000001,1.0,holm,-0.004360000000000008
Cora,GCN,dropedge,none,lira_attack_auc,0.53944,0.5369999999999999,-0.0024399999999999535,1.1960784313725263,0.29771790353801975,5,0.0038599999999999524,0.86538,0.8692399999999999,1.0,holm,-0.0024399999999999535
Cora,GCN,label_smoothing,none,lira_attack_auc,0.53944,0.54904,0.009599999999999987,-5.441911050990175,0.005536025478490256,5,0.0022199999999999555,0.86538,0.8676,0.28233729940300306,holm,0.009599999999999987
Cora,GraphSAGE,sami,none,lira_attack_auc,0.56672,0.53876,-0.027960000000000006,6.140888770449318,0.0035653369722784467,5,0.0036999999999999924,0.877,0.8807,0.18539752255847922,holm,-0.027960000000000006
Cora,GraphSAGE,lbp,none,lira_attack_auc,0.56672,0.64464,0.07791999999999999,-21.6868220059553,2.6744624335658737e-05,5,-0.176,0.877,0.701,0.001524443587132548,holm,0.07791999999999999
Cora,GraphSAGE,gtd,none,lira_attack_auc,0.56672,0.53824,-0.028479999999999995,28.029541066771312,9.638535752324042e-06,5,-0.0010999999999999899,0.877,0.8759,0.0005590350736347945,holm,-0.028479999999999995
Cora,GraphSAGE,dropedge,none,lira_attack_auc,0.56672,0.5748,0.008079999999999999,-2.525690713000672,0.0649618766334242,5,-0.003520000000000012,0.877,0.87348,1.0,holm,0.008079999999999999
Cora,GraphSAGE,label_smoothing,none,lira_attack_auc,0.56672,0.5906200000000001,0.02390000000000001,-13.26550058811808,0.00018662947521886356,5,0.0020400000000000197,0.877,0.87904,0.010077991661818633,holm,0.02390000000000001
PubMed,GCN,sami,none,lira_attack_auc,0.50024,0.49892000000000003,-0.0013199999999999878,0.6263455368093982,0.565056904394019,5,-0.01214000000000004,0.8631599999999999,0.8510199999999999,1.0,holm,-0.0013199999999999878
PubMed,GCN,lbp,none,lira_attack_auc,0.50024,0.50038,0.00013999999999997348,-0.17397010101431531,0.8703386451457928,5,-0.14157999999999998,0.8631599999999999,0.72158,1.0,holm,0.00013999999999997348
PubMed,GCN,gtd,none,lira_attack_auc,0.50024,0.49822,-0.0020199999999999997,3.253834909625411,0.0312622467832672,5,-0.00656000000000001,0.8631599999999999,0.8566,1.0,holm,-0.0020199999999999997
PubMed,GCN,dropedge,none,lira_attack_auc,0.50024,0.49939999999999996,-0.0008399999999999852,1.0167077735257435,0.366787687739076,5,0.002159999999999984,0.8631599999999999,0.86532,1.0,holm,-0.0008399999999999852
PubMed,GCN,label_smoothing,none,lira_attack_auc,0.50024,0.4991,-0.0011400000000000078,1.5039106697112428,0.20704116592809296,5,0.00031999999999998696,0.8631599999999999,0.86348,1.0,holm,-0.0011400000000000078
PubMed,GraphSAGE,sami,none,lira_attack_auc,0.5057,0.5025799999999999,-0.003120000000000045,3.084124403130552,0.0367837512240159,5,-0.00968,0.8745800000000001,0.8648999999999999,1.0,holm,-0.003120000000000045
PubMed,GraphSAGE,lbp,none,lira_attack_auc,0.5057,0.50508,-0.0006200000000000205,0.6026522383038186,0.5792389794154469,5,-0.11094,0.8745800000000001,0.76364,1.0,holm,-0.0006200000000000205
PubMed,GraphSAGE,gtd,none,lira_attack_auc,0.5057,0.50262,-0.003080000000000016,2.9895868520387574,0.04035458566115149,5,-0.008820000000000005,0.8745800000000001,0.8657599999999999,1.0,holm,-0.003080000000000016
PubMed,GraphSAGE,dropedge,none,lira_attack_auc,0.5057,0.5037400000000001,-0.001960000000000006,3.954958130129085,0.016748237805819657,5,0.004559999999999964,0.8745800000000001,0.8791399999999999,0.8039154146793435,holm,-0.001960000000000006
PubMed,GraphSAGE,label_smoothing,none,lira_attack_auc,0.5057,0.50418,-0.0015200000000000324,1.831990246327234,0.1409017070840081,5,0.0015200000000000103,0.8745800000000001,0.8761000000000001,1.0,holm,-0.0015200000000000324
synthetic_high_dense,GCN,sami,none,lira_attack_auc,0.49404000000000003,0.50928,0.015240000000000009,-0.8832362342445074,0.4269967933133126,5,-0.008739999999999993,1.0,0.9912600000000001,1.0,holm,0.015240000000000009
synthetic_high_dense,GCN,lbp,none,lira_attack_auc,0.49404000000000003,0.48860000000000003,-0.005439999999999989,0.5287672476535733,0.6249473909732666,5,-0.11750000000000002,1.0,0.8825,1.0,holm,-0.005439999999999989
synthetic_high_dense,GCN,gtd,none,lira_attack_auc,0.49404000000000003,0.48984000000000005,-0.004199999999999993,1.062389316686018,0.34794383993899897,5,0.0,1.0,1.0,1.0,holm,-0.004199999999999993
synthetic_high_dense,GCN,dropedge,none,lira_attack_auc,0.49404000000000003,0.49362000000000006,-0.00042000000000000923,0.1033611520082276,0.9226511943925209,5,0.0,1.0,1.0,1.0,holm,-0.00042000000000000923
synthetic_high_dense,GCN,label_smoothing,none,lira_attack_auc,0.49404000000000003,0.50114,0.0071000000000000065,-1.0115232798210205,0.36898219344790884,5,0.0,1.0,1.0,1.0,holm,0.0071000000000000065
synthetic_high_dense,GraphSAGE,sami,none,lira_attack_auc,0.49804000000000004,0.5112,0.013160000000000015,-0.8062768945589701,0.4652875875093377,5,-0.008739999999999993,1.0,0.9912600000000001,1.0,holm,0.013160000000000015
synthetic_high_dense,GraphSAGE,lbp,none,lira_attack_auc,0.49804000000000004,0.48963999999999996,-0.008400000000000019,1.0932255916062623,0.3357171927308849,5,-0.11750000000000002,1.0,0.8825,1.0,holm,-0.008400000000000019
synthetic_high_dense,GraphSAGE,gtd,none,lira_attack_auc,0.49804000000000004,0.49878,0.0007400000000000184,-1.0216863158255383,0.3646911441606745,5,0.0,1.0,1.0,1.0,holm,0.0007400000000000184
synthetic_high_dense,GraphSAGE,dropedge,none,lira_attack_auc,0.49804000000000004,0.49508,-0.002960000000000007,1.7744604362223177,0.1506539531868918,5,0.0,1.0,1.0,1.0,holm,-0.002960000000000007
synthetic_high_dense,GraphSAGE,label_smoothing,none,lira_attack_auc,0.49804000000000004,0.50882,0.01077999999999999,-1.5330482141419433,0.20003732645590294,5,0.0,1.0,1.0,1.0,holm,0.01077999999999999
synthetic_low_medium,GCN,sami,none,lira_attack_auc,0.49286,0.48927999999999994,-0.0035800000000000276,0.386801284582711,0.7185999905986318,5,-0.007479999999999998,0.8062400000000001,0.79876,1.0,holm,-0.0035800000000000276
synthetic_low_medium,GCN,lbp,none,lira_attack_auc,0.49286,0.49345999999999995,0.0005999999999999894,-0.09133679196229018,0.931616203532177,5,-0.13621999999999998,0.8062400000000001,0.6700200000000001,1.0,holm,0.0005999999999999894
synthetic_low_medium,GCN,gtd,none,lira_attack_auc,0.49286,0.49612,0.0032599999999999964,-3.0418177799766255,0.038333927946933605,5,-0.007499999999999995,0.8062400000000001,0.79874,1.0,holm,0.0032599999999999964
synthetic_low_medium,GCN,dropedge,none,lira_attack_auc,0.49286,0.5004799999999999,0.007619999999999993,-2.155658146653281,0.09736177461077967,5,-0.019999999999999997,0.8062400000000001,0.7862399999999999,1.0,holm,0.007619999999999993
synthetic_low_medium,GCN,label_smoothing,none,lira_attack_auc,0.49286,0.49366000000000004,0.0007999999999999896,-0.38989614306285825,0.7164839767326137,5,0.002520000000000011,0.8062400000000001,0.8087600000000001,1.0,holm,0.0007999999999999896
synthetic_low_medium,GraphSAGE,sami,none,lira_attack_auc,0.5016999999999999,0.5033799999999999,0.0016800000000000038,-0.08524697011571039,0.9361613840063256,5,-0.0050000000000000044,1.0,0.9950000000000001,1.0,holm,0.0016800000000000038
synthetic_low_medium,GraphSAGE,lbp,none,lira_attack_auc,0.5016999999999999,0.49116,-0.010540000000000004,0.770282226030085,0.484103168373404,5,-0.11750000000000002,1.0,0.8825,1.0,holm,-0.010540000000000004
synthetic_low_medium,GraphSAGE,gtd,none,lira_attack_auc,0.5016999999999999,0.4967,-0.004999999999999993,1.002267690372538,0.3729284935638978,5,0.0,1.0,1.0,1.0,holm,-0.004999999999999993
synthetic_low_medium,GraphSAGE,dropedge,none,lira_attack_auc,0.5016999999999999,0.5048199999999999,0.0031200000000000004,-0.27334222086896154,0.7981230738475427,5,0.0,1.0,1.0,1.0,holm,0.0031200000000000004
synthetic_low_medium,GraphSAGE,label_smoothing,none,lira_attack_auc,0.5016999999999999,0.50324,0.0015399999999999969,-0.10619790609884916,0.9205381586138082,5,0.0,1.0,1.0,1.0,holm,0.0015399999999999969
synthetic_low_sparse,GCN,sami,none,lira_attack_auc,0.50216,0.50506,0.0029000000000000137,-0.23462214935798603,0.8260226786258286,5,-0.007499999999999995,0.7725,0.7649999999999999,1.0,holm,0.0029000000000000137
synthetic_low_sparse,GCN,lbp,none,lira_attack_auc,0.50216,0.49284,-0.009319999999999985,2.8140024789113336,0.048120597545199366,5,-0.11498,0.7725,0.6575200000000001,1.0,holm,-0.009319999999999985
synthetic_low_sparse,GCN,gtd,none,lira_attack_auc,0.50216,0.50378,0.0016199999999999882,-1.05265846773184,0.35188420509447516,5,0.0037600000000000077,0.7725,0.7762600000000001,1.0,holm,0.0016199999999999882
synthetic_low_sparse,GCN,dropedge,none,lira_attack_auc,0.50216,0.5026999999999999,0.000539999999999996,-0.15662638907083623,0.8831267315906467,5,-0.042480000000000004,0.7725,0.73002,1.0,holm,0.000539999999999996
synthetic_low_sparse,GCN,label_smoothing,none,lira_attack_auc,0.50216,0.50266,0.0005000000000000004,-0.1704886730235931,0.8729019283474617,5,-0.02250000000000001,0.7725,0.75,1.0,holm,0.0005000000000000004
synthetic_low_sparse,GraphSAGE,sami,none,lira_attack_auc,0.5003,0.50766,0.007360000000000011,-0.8899851957335805,0.42376458931477856,5,-0.011240000000000005,1.0,0.9887600000000001,1.0,holm,0.007360000000000011
synthetic_low_sparse,GraphSAGE,lbp,none,lira_attack_auc,0.5003,0.4894,-0.010899999999999988,0.9664731003921233,0.38853723611022156,5,-0.11750000000000002,1.0,0.8825,1.0,holm,-0.010899999999999988
synthetic_low_sparse,GraphSAGE,gtd,none,lira_attack_auc,0.5003,0.4995799999999999,-0.0007199999999999984,0.21218361303091227,0.8423375016441852,5,0.0,1.0,1.0,1.0,holm,-0.0007199999999999984
synthetic_low_sparse,GraphSAGE,dropedge,none,lira_attack_auc,0.5003,0.49939999999999996,-0.0008999999999999786,0.18895307932839572,0.8593295052731105,5,0.0,1.0,1.0,1.0,holm,-0.0008999999999999786
synthetic_low_sparse,GraphSAGE,label_smoothing,none,lira_attack_auc,0.5003,0.50054,0.00023999999999999578,-0.05246406110660562,0.960674501341672,5,0.0,1.0,1.0,1.0,holm,0.00023999999999999578
