dataset,model,defense,defense_params,seed,config_hash,homophily,density,test_accuracy,val_accuracy,train_accuracy,gen_gap,split_protocol,test_f1,test_auroc,conf_attack_auc,conf_attack_acc,threshold_attack_auc,threshold_attack_acc,conf_tpr_at_0.001_fpr,conf_tpr_at_0.01_fpr,gap_attack_auc,gap_attack_acc,mlp_phi_attack_auc,mlp_phi_attack_acc,shadow_attack_auc,shadow_attack_acc,lira_attack_auc,lira_attack_acc,lira_tpr_at_0.001_fpr,lira_tpr_at_0.01_fpr,ece_test,train_seconds,multi_query_k,dp_epsilon,noise_mass,frac_protected,frac_seeds,mean_scale,relative_noise_mass_vs_uniform,n_protected
Cora,GraphSAGE,none,{},42,eac9960f8ba0,0.81,0.00144,0.8809,0.8579,1.0,0.1191,random_40_20_40,0.8756,0.9802,0.6572,0.6528,0.6455,0.5854,0.0,0.0102,0.5596,0.5596,0.6569,0.6482,,,0.5663,0.5471,0.0129,0.0397,0.0549,0.7699,1,,,,,,,
Cora,GraphSAGE,none,{},123,eac9960f8ba0,0.81,0.00144,0.8707,0.8745,1.0,0.1293,random_40_20_40,0.8586,0.9783,0.6531,0.6482,0.6439,0.578,0.0,0.0212,0.5646,0.5646,0.6528,0.6445,,,0.5776,0.5512,0.0139,0.0323,0.0623,0.7599,1,,,,,,,
Cora,GraphSAGE,none,{},456,eac9960f8ba0,0.81,0.00144,0.8846,0.8875,1.0,0.1154,random_40_20_40,0.8768,0.9861,0.6535,0.65,0.6456,0.5854,0.0,0.0259,0.5577,0.5577,0.6533,0.6491,,,0.5587,0.5439,0.0102,0.0268,0.0428,0.7622,1,,,,,,,
Cora,GraphSAGE,lbp,"{""scale"": 0.3}",42,eac9960f8ba0,0.81,0.00144,0.7054,0.6734,0.8052,0.0997,random_40_20_40,0.6803,0.8974,0.5716,0.554,0.5734,0.5466,0.0,0.0,0.5499,0.5499,0.5713,0.554,,,0.5208,0.5088,0.0046,0.0203,0.1419,0.8027,1,,812.4,1.0,,0.3,1.0,2708.0
Cora,GraphSAGE,lbp,"{""scale"": 0.3}",123,eac9960f8ba0,0.81,0.00144,0.7184,0.7306,0.8098,0.0914,random_40_20_40,0.6922,0.8958,0.5584,0.5466,0.5472,0.5162,0.0,0.0,0.5457,0.5457,0.5591,0.542,,,0.5301,0.5162,0.0065,0.0222,0.1461,0.7601,1,,812.4,1.0,,0.3,1.0,2708.0
Cora,GraphSAGE,lbp,"{""scale"": 0.3}",456,eac9960f8ba0,0.81,0.00144,0.7239,0.7122,0.8135,0.0896,random_40_20_40,0.7007,0.8999,0.5485,0.5503,0.5531,0.5346,0.0,0.0,0.5448,0.5448,0.5755,0.566,,,0.5001,0.5046,0.0157,0.0231,0.1513,0.7742,1,,812.4,1.0,,0.3,1.0,2708.0
Cora,GraphSAGE,gtd,"{""gamma"": 1.0, ""stage1_frac"": 0.5, ""pseudo_conf"": 0.8}",42,eac9960f8ba0,0.81,0.00144,0.8846,0.869,1.0,0.1154,random_40_20_40,0.8812,0.9799,0.5992,0.5789,0.5815,0.5485,0.0,0.0083,0.5577,0.5577,0.5513,0.5753,,,0.5368,0.5222,0.0175,0.0305,0.0864,0.8048,1,,,,,,,
Cora,GraphSAGE,gtd,"{""gamma"": 1.0, ""stage1_frac"": 0.5, ""pseudo_conf"": 0.8}",123,eac9960f8ba0,0.81,0.00144,0.868,0.8727,0.9991,0.1311,random_40_20_40,0.8588,0.9765,0.5885,0.5679,0.5838,0.5476,0.0,0.0092,0.5656,0.5656,0.5668,0.5716,,,0.5489,0.5268,0.0055,0.024,0.1008,0.7686,1,,,,,,,
Cora,GraphSAGE,gtd,"{""gamma"": 1.0, ""stage1_frac"": 0.5, ""pseudo_conf"": 0.8}",456,eac9960f8ba0,0.81,0.00144,0.8827,0.8893,0.9991,0.1163,random_40_20_40,0.8746,0.9834,0.5818,0.5577,0.5765,0.5392,0.0,0.0148,0.5582,0.5582,0.5643,0.5734,,,0.5271,0.5185,0.0055,0.0157,0.0848,0.7742,1,,,,,,,
Cora,GraphSAGE,sami,"{""lam"": 0.5, ""use_lte"": true, ""use_gate"": true, ""arch_aware"": true, ""noise_scale"": 0.35, ""budget_B"": 0.0, ""warmup_epochs"": 5, ""entropy_coef"": 0.05}",42,eac9960f8ba0,0.81,0.00144,0.8781,0.8801,0.9769,0.0988,random_40_20_40,0.8695,0.9551,0.5681,0.5531,0.5617,0.5346,0.0,0.0,0.5494,0.5494,0.5598,0.554,,,0.519,0.5115,0.0092,0.0148,0.1289,2.3725,1,,311.5959,0.9996,,0.1151,0.3288,2707.0
Cora,GraphSAGE,sami,"{""lam"": 0.5, ""use_lte"": true, ""use_gate"": true, ""arch_aware"": true, ""noise_scale"": 0.35, ""budget_B"": 0.0, ""warmup_epochs"": 5, ""entropy_coef"": 0.05}",123,eac9960f8ba0,0.81,0.00144,0.8717,0.9133,0.9861,0.1145,random_40_20_40,0.8589,0.9491,0.5733,0.5466,0.566,0.5392,0.0,0.0157,0.5572,0.5572,0.5718,0.5512,,,0.5191,0.5115,0.0102,0.012,0.1233,2.3324,1,,298.0522,0.9996,,0.1101,0.3145,2707.0
Cora,GraphSAGE,sami,"{""lam"": 0.5, ""use_lte"": true, ""use_gate"": true, ""arch_aware"": true, ""noise_scale"": 0.35, ""budget_B"": 0.0, ""warmup_epochs"": 5, ""entropy_coef"": 0.05}",456,eac9960f8ba0,0.81,0.00144,0.8698,0.8948,0.9834,0.1136,random_40_20_40,0.8617,0.9591,0.5664,0.5466,0.5675,0.542,0.0,0.0,0.5568,0.5568,0.5477,0.5605,,,0.4951,0.4922,0.0102,0.0185,0.1248,2.3723,1,,303.044,0.9996,,0.1119,0.3197,2707.0
Cora,GraphSAGE,harp,"{""lam"": 0.5, ""use_lte"": true, ""use_gate"": true, ""arch_aware"": true, ""risk_frac"": 0.3, ""k_hops"": 1, ""strong_noise_scale"": 0.3, ""weak_noise_scale"": 0.0, ""target_protect_frac"": 0.4, ""budget_B"": 0.0, ""warmup_epochs"": 5, ""entropy_coef"": 0.05, ""train_on_protected"": true}",42,eac9960f8ba0,0.81,0.00144,0.8449,0.8358,0.9077,0.0628,random_40_20_40,0.8294,0.9472,0.5622,0.5614,0.5005,0.4875,0.0,0.0129,0.5314,0.5314,0.6203,0.5697,,,0.5366,0.5286,0.0037,0.012,0.0415,2.5239,1,,325.5,0.4007,0.1931,0.1202,0.4007,1085.0
Cora,GraphSAGE,harp,"{""lam"": 0.5, ""use_lte"": true, ""use_gate"": true, ""arch_aware"": true, ""risk_frac"": 0.3, ""k_hops"": 1, ""strong_noise_scale"": 0.3, ""weak_noise_scale"": 0.0, ""target_protect_frac"": 0.4, ""budget_B"": 0.0, ""warmup_epochs"": 5, ""entropy_coef"": 0.05, ""train_on_protected"": true}",123,eac9960f8ba0,0.81,0.00144,0.8292,0.845,0.9141,0.0849,random_40_20_40,0.8107,0.9456,0.5796,0.5374,0.5219,0.5115,0.0,0.0175,0.5425,0.5425,0.6377,0.6039,,,0.5463,0.5282,0.0092,0.0166,0.0308,2.4355,1,,325.2,0.4003,0.1821,0.1201,0.4003,1084.0
Cora,GraphSAGE,harp,"{""lam"": 0.5, ""use_lte"": true, ""use_gate"": true, ""arch_aware"": true, ""risk_frac"": 0.3, ""k_hops"": 1, ""strong_noise_scale"": 0.3, ""weak_noise_scale"": 0.0, ""target_protect_frac"": 0.4, ""budget_B"": 0.0, ""warmup_epochs"": 5, ""entropy_coef"": 0.05, ""train_on_protected"": true}",456,eac9960f8ba0,0.81,0.00144,0.8329,0.8432,0.9114,0.0785,random_40_20_40,0.8205,0.9535,0.572,0.5485,0.5159,0.4968,0.0,0.0175,0.5392,0.5392,0.6291,0.5697,,,0.5194,0.5189,0.0074,0.012,0.0378,2.446,1,,325.5,0.4007,0.1813,0.1202,0.4007,1085.0
Cora,GraphSAGE,harp_k0,"{""lam"": 0.5, ""use_lte"": true, ""use_gate"": true, ""arch_aware"": true, ""risk_frac"": 0.3, ""k_hops"": 0, ""strong_noise_scale"": 0.3, ""weak_noise_scale"": 0.0, ""target_protect_frac"": 0.4, ""budget_B"": 0.0, ""warmup_epochs"": 5, ""entropy_coef"": 0.05, ""train_on_protected"": true}",42,eac9960f8ba0,0.81,0.00144,0.8486,0.8395,0.9151,0.0665,random_40_20_40,0.8372,0.9451,0.5365,0.5439,0.5495,0.5392,0.0,0.0102,0.5332,0.5332,0.5699,0.5568,,,0.5244,0.5194,0.0046,0.0194,0.0565,2.384,1,,324.9,0.3999,0.3999,0.12,0.3999,1083.0
Cora,GraphSAGE,harp_k0,"{""lam"": 0.5, ""use_lte"": true, ""use_gate"": true, ""arch_aware"": true, ""risk_frac"": 0.3, ""k_hops"": 0, ""strong_noise_scale"": 0.3, ""weak_noise_scale"": 0.0, ""target_protect_frac"": 0.4, ""budget_B"": 0.0, ""warmup_epochs"": 5, ""entropy_coef"": 0.05, ""train_on_protected"": true}",123,eac9960f8ba0,0.81,0.00144,0.8264,0.821,0.9261,0.0997,random_40_20_40,0.8147,0.9406,0.5314,0.5503,0.573,0.5642,0.0,0.0194,0.5499,0.5499,0.5882,0.5476,,,0.5344,0.5189,0.0037,0.0074,0.0338,2.3563,1,,324.9,0.3999,0.3999,0.12,0.3999,1083.0
Cora,GraphSAGE,harp_k0,"{""lam"": 0.5, ""use_lte"": true, ""use_gate"": true, ""arch_aware"": true, ""risk_frac"": 0.3, ""k_hops"": 0, ""strong_noise_scale"": 0.3, ""weak_noise_scale"": 0.0, ""target_protect_frac"": 0.4, ""budget_B"": 0.0, ""warmup_epochs"": 5, ""entropy_coef"": 0.05, ""train_on_protected"": true}",456,eac9960f8ba0,0.81,0.00144,0.8273,0.8579,0.9344,0.1071,random_40_20_40,0.8127,0.9485,0.5768,0.5337,0.5755,0.566,0.0046,0.0295,0.5536,0.5536,0.606,0.5873,,,0.5138,0.5175,0.0046,0.0139,0.0361,2.3856,1,,324.9,0.3999,0.3999,0.12,0.3999,1083.0
Cora,GraphSAGE,harp_k2,"{""lam"": 0.5, ""use_lte"": true, ""use_gate"": true, ""arch_aware"": true, ""risk_frac"": 0.3, ""k_hops"": 2, ""strong_noise_scale"": 0.3, ""weak_noise_scale"": 0.0, ""target_protect_frac"": 0.4, ""budget_B"": 0.0, ""warmup_epochs"": 5, ""entropy_coef"": 0.05, ""train_on_protected"": true}",42,eac9960f8ba0,0.81,0.00144,0.8338,0.8266,0.9261,0.0923,random_40_20_40,0.8193,0.95,0.5191,0.5568,0.5784,0.5568,0.0,0.0074,0.5462,0.5462,0.5862,0.5734,,,0.5286,0.5231,0.0,0.0074,0.0595,2.5534,1,,326.4,0.4018,0.0499,0.1205,0.4018,1088.0
Cora,GraphSAGE,harp_k2,"{""lam"": 0.5, ""use_lte"": true, ""use_gate"": true, ""arch_aware"": true, ""risk_frac"": 0.3, ""k_hops"": 2, ""strong_noise_scale"": 0.3, ""weak_noise_scale"": 0.0, ""target_protect_frac"": 0.4, ""budget_B"": 0.0, ""warmup_epochs"": 5, ""entropy_coef"": 0.05, ""train_on_protected"": true}",123,eac9960f8ba0,0.81,0.00144,0.8227,0.8192,0.9086,0.0859,random_40_20_40,0.8038,0.9436,0.5816,0.5402,0.5712,0.5633,0.0,0.0148,0.5429,0.5429,0.5934,0.5716,,,0.5408,0.5282,0.0037,0.0175,0.0448,2.4506,1,,323.7,0.3984,0.0439,0.1195,0.3984,1079.0
Cora,GraphSAGE,harp_k2,"{""lam"": 0.5, ""use_lte"": true, ""use_gate"": true, ""arch_aware"": true, ""risk_frac"": 0.3, ""k_hops"": 2, ""strong_noise_scale"": 0.3, ""weak_noise_scale"": 0.0, ""target_protect_frac"": 0.4, ""budget_B"": 0.0, ""warmup_epochs"": 5, ""entropy_coef"": 0.05, ""train_on_protected"": true}",456,eac9960f8ba0,0.81,0.00144,0.8273,0.8266,0.9178,0.0905,random_40_20_40,0.8144,0.9564,0.5898,0.5614,0.5551,0.5355,0.0,0.0111,0.5452,0.5452,0.5957,0.591,,,0.5188,0.5222,0.0037,0.0111,0.0471,2.4579,1,,351.6,0.4328,0.0462,0.1298,0.4328,1172.0
Cora,GraphSAGE,harp_uniform,"{""lam"": 0.5, ""use_lte"": true, ""use_gate"": false, ""arch_aware"": true, ""risk_frac"": 1.0, ""k_hops"": 0, ""strong_noise_scale"": 0.3, ""weak_noise_scale"": 0.0, ""target_protect_frac"": 0.4, ""budget_B"": 0.0, ""warmup_epochs"": 5, ""entropy_coef"": 0.05, ""train_on_protected"": false}",42,eac9960f8ba0,0.81,0.00144,0.8375,0.7731,0.9252,0.0877,random_40_20_40,0.8251,0.9451,0.6012,0.566,0.5772,0.5605,0.0,0.0083,0.5439,0.5439,0.591,0.5697,,,0.5351,0.5254,0.0009,0.0111,0.1028,2.0329,1,,324.9,0.3999,0.3999,0.12,0.3999,1083.0
Cora,GraphSAGE,harp_uniform,"{""lam"": 0.5, ""use_lte"": true, ""use_gate"": false, ""arch_aware"": true, ""risk_frac"": 1.0, ""k_hops"": 0, ""strong_noise_scale"": 0.3, ""weak_noise_scale"": 0.0, ""target_protect_frac"": 0.4, ""budget_B"": 0.0, ""warmup_epochs"": 5, ""entropy_coef"": 0.05, ""train_on_protected"": false}",123,eac9960f8ba0,0.81,0.00144,0.819,0.7878,0.9243,0.1053,random_40_20_40,0.8074,0.9407,0.5824,0.5448,0.5836,0.5614,0.0,0.0175,0.5526,0.5526,0.5796,0.5494,,,0.5387,0.5249,0.0009,0.0231,0.0759,2.0009,1,,324.9,0.3999,0.3999,0.12,0.3999,1083.0
Cora,GraphSAGE,harp_uniform,"{""lam"": 0.5, ""use_lte"": true, ""use_gate"": false, ""arch_aware"": true, ""risk_frac"": 1.0, ""k_hops"": 0, ""strong_noise_scale"": 0.3, ""weak_noise_scale"": 0.0, ""target_protect_frac"": 0.4, ""budget_B"": 0.0, ""warmup_epochs"": 5, ""entropy_coef"": 0.05, ""train_on_protected"": false}",456,eac9960f8ba0,0.81,0.00144,0.8227,0.7952,0.9224,0.0997,random_40_20_40,0.8067,0.9479,0.5624,0.5476,0.5729,0.5586,0.0,0.0203,0.5499,0.5499,0.5647,0.5439,,,0.5055,0.5046,0.0046,0.0185,0.074,2.0267,1,,324.9,0.3999,0.3999,0.12,0.3999,1083.0
Cora,GraphSAGE,harp_release_only,"{""lam"": 0.0, ""use_lte"": true, ""use_gate"": false, ""arch_aware"": true, ""risk_frac"": 0.3, ""k_hops"": 1, ""strong_noise_scale"": 0.3, ""weak_noise_scale"": 0.0, ""target_protect_frac"": 0.4, ""budget_B"": 0.0, ""warmup_epochs"": 5, ""entropy_coef"": 0.05, ""train_on_protected"": false}",42,eac9960f8ba0,0.81,0.00144,0.8347,0.797,0.9114,0.0766,random_40_20_40,0.8193,0.9463,0.5652,0.5494,0.511,0.4958,0.0,0.0092,0.5383,0.5383,0.6318,0.5679,,,0.541,0.5291,0.0046,0.0129,0.0333,0.9142,1,,325.5,0.4007,0.1931,0.1202,0.4007,1085.0
Cora,GraphSAGE,harp_release_only,"{""lam"": 0.0, ""use_lte"": true, ""use_gate"": false, ""arch_aware"": true, ""risk_frac"": 0.3, ""k_hops"": 1, ""strong_noise_scale"": 0.3, ""weak_noise_scale"": 0.0, ""target_protect_frac"": 0.4, ""budget_B"": 0.0, ""warmup_epochs"": 5, ""entropy_coef"": 0.05, ""train_on_protected"": false}",123,eac9960f8ba0,0.81,0.00144,0.8246,0.8007,0.9187,0.0942,random_40_20_40,0.8057,0.9424,0.5754,0.5346,0.524,0.5125,0.0,0.0259,0.5471,0.5471,0.6301,0.5762,,,0.5481,0.5342,0.0083,0.0166,0.0195,0.8949,1,,325.2,0.4003,0.1821,0.1201,0.4003,1084.0
Cora,GraphSAGE,harp_release_only,"{""lam"": 0.0, ""use_lte"": true, ""use_gate"": false, ""arch_aware"": true, ""risk_frac"": 0.3, ""k_hops"": 1, ""strong_noise_scale"": 0.3, ""weak_noise_scale"": 0.0, ""target_protect_frac"": 0.4, ""budget_B"": 0.0, ""warmup_epochs"": 5, ""entropy_coef"": 0.05, ""train_on_protected"": false}",456,eac9960f8ba0,0.81,0.00144,0.831,0.8229,0.916,0.0849,random_40_20_40,0.8222,0.9513,0.5763,0.5457,0.5195,0.5032,0.0,0.0231,0.5425,0.5425,0.6287,0.5679,,,0.5274,0.5259,0.0083,0.0148,0.045,0.9062,1,,325.5,0.4007,0.1813,0.1202,0.4007,1085.0
Citeseer,GraphSAGE,none,{},42,eac9960f8ba0,0.7355,0.000823,0.7408,0.7654,1.0,0.2592,random_40_20_40,0.7073,0.9131,0.7372,0.7295,0.7326,0.6566,0.0008,0.0128,0.6296,0.6296,0.737,0.731,,,0.5833,0.5654,0.0083,0.0316,0.153,1.8792,1,,,,,,,
Citeseer,GraphSAGE,none,{},123,eac9960f8ba0,0.7355,0.000823,0.7431,0.7414,0.9992,0.2562,random_40_20_40,0.7171,0.9252,0.7395,0.7325,0.7393,0.6679,0.0075,0.0308,0.6281,0.6281,0.7394,0.7318,,,0.595,0.5718,0.0105,0.0406,0.1386,1.8578,1,,,,,,,
Citeseer,GraphSAGE,none,{},456,eac9960f8ba0,0.7355,0.000823,0.7476,0.7368,0.9992,0.2517,random_40_20_40,0.7182,0.926,0.7907,0.7536,0.7793,0.704,0.0015,0.0173,0.6258,0.6258,0.7907,0.7558,,,0.5953,0.5654,0.027,0.0548,0.1277,1.9193,1,,,,,,,
Citeseer,GraphSAGE,lbp,"{""scale"": 0.3}",42,eac9960f8ba0,0.7355,0.000823,0.6228,0.6,0.8527,0.2299,random_40_20_40,0.5927,0.8129,0.6311,0.5943,0.6501,0.5995,0.0,0.0,0.615,0.615,0.6326,0.6011,,,0.5204,0.5071,0.003,0.027,0.0712,1.8393,1,,998.1,1.0,,0.3,1.0,3327.0
Citeseer,GraphSAGE,lbp,"{""scale"": 0.3}",123,eac9960f8ba0,0.7355,0.000823,0.6266,0.6361,0.8392,0.2126,random_40_20_40,0.6009,0.8206,0.6277,0.5875,0.6416,0.5913,0.0,0.0,0.6063,0.6063,0.6241,0.5973,,,0.5203,0.5053,0.0038,0.0301,0.0848,1.8562,1,,998.1,1.0,,0.3,1.0,3327.0
Citeseer,GraphSAGE,lbp,"{""scale"": 0.3}",456,eac9960f8ba0,0.7355,0.000823,0.6108,0.615,0.8249,0.2141,random_40_20_40,0.5868,0.8147,0.6316,0.583,0.6395,0.5935,0.0,0.0,0.6071,0.6071,0.6152,0.5905,,,0.5287,0.5147,0.015,0.0331,0.0517,1.8684,1,,998.1,1.0,,0.3,1.0,3327.0
Citeseer,GraphSAGE,gtd,"{""gamma"": 1.0, ""stage1_frac"": 0.5, ""pseudo_conf"": 0.8}",42,eac9960f8ba0,0.7355,0.000823,0.7363,0.7579,1.0,0.2637,random_40_20_40,0.696,0.9019,0.6121,0.6349,0.6204,0.5567,0.0008,0.0188,0.6319,0.6319,0.6565,0.6341,,,0.5371,0.5274,0.0008,0.0105,0.233,1.8628,1,,,,,,,
Citeseer,GraphSAGE,gtd,"{""gamma"": 1.0, ""stage1_frac"": 0.5, ""pseudo_conf"": 0.8}",123,eac9960f8ba0,0.7355,0.000823,0.7408,0.7534,0.9992,0.2585,random_40_20_40,0.7127,0.9136,0.6141,0.6319,0.614,0.547,0.0038,0.024,0.6292,0.6292,0.6653,0.6341,,,0.5492,0.5368,0.0038,0.0165,0.2255,1.8894,1,,,,,,,
Citeseer,GraphSAGE,gtd,"{""gamma"": 1.0, ""stage1_frac"": 0.5, ""pseudo_conf"": 0.8}",456,eac9960f8ba0,0.7355,0.000823,0.7438,0.7398,0.9992,0.2554,random_40_20_40,0.7122,0.9184,0.6398,0.6296,0.6306,0.5725,0.003,0.0188,0.6277,0.6277,0.6292,0.6281,,,0.5512,0.5357,0.006,0.0376,0.2223,1.8785,1,,,,,,,
Citeseer,GraphSAGE,sami,"{""lam"": 0.5, ""use_lte"": true, ""use_gate"": true, ""arch_aware"": true, ""noise_scale"": 0.35, ""budget_B"": 0.0, ""warmup_epochs"": 5, ""entropy_coef"": 0.05}",42,eac9960f8ba0,0.7355,0.000823,0.7325,0.8241,0.9684,0.2359,random_40_20_40,0.7022,0.8736,0.6438,0.6146,0.6464,0.586,0.0,0.0,0.618,0.618,0.6487,0.6221,,,0.525,0.5177,0.0015,0.021,0.0606,5.178,1,,458.0736,0.9997,,0.1377,0.3934,3326.0
Citeseer,GraphSAGE,sami,"{""lam"": 0.5, ""use_lte"": true, ""use_gate"": true, ""arch_aware"": true, ""noise_scale"": 0.35, ""budget_B"": 0.0, ""warmup_epochs"": 5, ""entropy_coef"": 0.05}",123,eac9960f8ba0,0.7355,0.000823,0.734,0.8391,0.9669,0.2329,random_40_20_40,0.7073,0.8722,0.6524,0.6206,0.6437,0.5808,0.0,0.0,0.6165,0.6165,0.6486,0.6093,,,0.5343,0.5218,0.0068,0.0248,0.0408,5.1795,1,,473.9258,0.9997,,0.1424,0.407,3326.0
Citeseer,GraphSAGE,sami,"{""lam"": 0.5, ""use_lte"": true, ""use_gate"": true, ""arch_aware"": true, ""noise_scale"": 0.35, ""budget_B"": 0.0, ""warmup_epochs"": 5, ""entropy_coef"": 0.05}",456,eac9960f8ba0,0.7355,0.000823,0.7378,0.8241,0.9677,0.2299,random_40_20_40,0.7024,0.8767,0.6519,0.6108,0.6429,0.5943,0.0,0.0,0.615,0.615,0.6512,0.6206,,,0.5367,0.5285,0.0195,0.0308,0.0487,5.1993,1,,472.2432,0.9997,,0.1419,0.4056,3326.0
Citeseer,GraphSAGE,harp,"{""lam"": 0.5, ""use_lte"": true, ""use_gate"": true, ""arch_aware"": true, ""risk_frac"": 0.3, ""k_hops"": 1, ""strong_noise_scale"": 0.3, ""weak_noise_scale"": 0.0, ""target_protect_frac"": 0.4, ""budget_B"": 0.0, ""warmup_epochs"": 5, ""entropy_coef"": 0.05, ""train_on_protected"": true}",42,eac9960f8ba0,0.7355,0.000823,0.713,0.806,0.9068,0.1938,random_40_20_40,0.6805,0.8853,0.5957,0.5883,0.5861,0.5267,0.0,0.0113,0.5969,0.5969,0.6498,0.6146,,,0.5331,0.5222,0.0023,0.0105,0.0984,5.2371,1,,399.0,0.3998,0.196,0.1199,0.3998,1330.0
Citeseer,GraphSAGE,harp,"{""lam"": 0.5, ""use_lte"": true, ""use_gate"": true, ""arch_aware"": true, ""risk_frac"": 0.3, ""k_hops"": 1, ""strong_noise_scale"": 0.3, ""weak_noise_scale"": 0.0, ""target_protect_frac"": 0.4, ""budget_B"": 0.0, ""warmup_epochs"": 5, ""entropy_coef"": 0.05, ""train_on_protected"": true}",123,eac9960f8ba0,0.7355,0.000823,0.716,0.8135,0.9181,0.2021,random_40_20_40,0.6882,0.8821,0.6245,0.6018,0.5852,0.5169,0.0,0.0278,0.6011,0.6011,0.6704,0.6108,,,0.5573,0.547,0.0015,0.0128,0.0968,5.2563,1,,398.7,0.3995,0.2074,0.1198,0.3995,1329.0
Citeseer,GraphSAGE,harp,"{""lam"": 0.5, ""use_lte"": true, ""use_gate"": true, ""arch_aware"": true, ""risk_frac"": 0.3, ""k_hops"": 1, ""strong_noise_scale"": 0.3, ""weak_noise_scale"": 0.0, ""target_protect_frac"": 0.4, ""budget_B"": 0.0, ""warmup_epochs"": 5, ""entropy_coef"": 0.05, ""train_on_protected"": true}",456,eac9960f8ba0,0.7355,0.000823,0.7183,0.7985,0.9121,0.1938,random_40_20_40,0.6863,0.8873,0.6525,0.5928,0.6024,0.5319,0.0,0.0233,0.5969,0.5969,0.6672,0.6191,,,0.5541,0.5387,0.0068,0.018,0.088,5.7175,1,,399.0,0.3998,0.1999,0.1199,0.3998,1330.0
Citeseer,GraphSAGE,harp_k0,"{""lam"": 0.5, ""use_lte"": true, ""use_gate"": true, ""arch_aware"": true, ""risk_frac"": 0.3, ""k_hops"": 0, ""strong_noise_scale"": 0.3, ""weak_noise_scale"": 0.0, ""target_protect_frac"": 0.4, ""budget_B"": 0.0, ""warmup_epochs"": 5, ""entropy_coef"": 0.05, ""train_on_protected"": true}",42,eac9960f8ba0,0.7355,0.000823,0.7032,0.7699,0.9256,0.2224,random_40_20_40,0.6745,0.8715,0.6554,0.5928,0.6479,0.6048,0.0,0.009,0.6112,0.6112,0.6595,0.6026,,,0.5284,0.5285,0.0008,0.012,0.0918,5.7218,1,,399.3,0.4001,0.4001,0.12,0.4001,1331.0
Citeseer,GraphSAGE,harp_k0,"{""lam"": 0.5, ""use_lte"": true, ""use_gate"": true, ""arch_aware"": true, ""risk_frac"": 0.3, ""k_hops"": 0, ""strong_noise_scale"": 0.3, ""weak_noise_scale"": 0.0, ""target_protect_frac"": 0.4, ""budget_B"": 0.0, ""warmup_epochs"": 5, ""entropy_coef"": 0.05, ""train_on_protected"": true}",123,eac9960f8ba0,0.7355,0.000823,0.7047,0.7985,0.9286,0.2239,random_40_20_40,0.677,0.8752,0.6428,0.595,0.6463,0.6026,0.0,0.0195,0.6119,0.6119,0.6485,0.6131,,,0.5414,0.5368,0.006,0.0105,0.0805,6.3251,1,,399.3,0.4001,0.4001,0.12,0.4001,1331.0
Citeseer,GraphSAGE,harp_k0,"{""lam"": 0.5, ""use_lte"": true, ""use_gate"": true, ""arch_aware"": true, ""risk_frac"": 0.3, ""k_hops"": 0, ""strong_noise_scale"": 0.3, ""weak_noise_scale"": 0.0, ""target_protect_frac"": 0.4, ""budget_B"": 0.0, ""warmup_epochs"": 5, ""entropy_coef"": 0.05, ""train_on_protected"": true}",456,eac9960f8ba0,0.7355,0.000823,0.6942,0.797,0.9256,0.2314,random_40_20_40,0.6626,0.88,0.6923,0.6266,0.678,0.6326,0.0,0.0165,0.6157,0.6157,0.7006,0.6349,,,0.5439,0.5361,0.0068,0.0188,0.0817,5.4422,1,,399.3,0.4001,0.4001,0.12,0.4001,1331.0
Citeseer,GraphSAGE,harp_k2,"{""lam"": 0.5, ""use_lte"": true, ""use_gate"": true, ""arch_aware"": true, ""risk_frac"": 0.3, ""k_hops"": 2, ""strong_noise_scale"": 0.3, ""weak_noise_scale"": 0.0, ""target_protect_frac"": 0.4, ""budget_B"": 0.0, ""warmup_epochs"": 5, ""entropy_coef"": 0.05, ""train_on_protected"": true}",42,eac9960f8ba0,0.7355,0.000823,0.704,0.803,0.9174,0.2134,random_40_20_40,0.6728,0.8774,0.6391,0.6056,0.6332,0.5733,0.0,0.0113,0.6067,0.6067,0.6583,0.6093,,,0.5373,0.5319,0.0008,0.0113,0.0872,5.4256,1,,401.4,0.4022,0.0995,0.1206,0.4022,1338.0
Citeseer,GraphSAGE,harp_k2,"{""lam"": 0.5, ""use_lte"": true, ""use_gate"": true, ""arch_aware"": true, ""risk_frac"": 0.3, ""k_hops"": 2, ""strong_noise_scale"": 0.3, ""weak_noise_scale"": 0.0, ""target_protect_frac"": 0.4, ""budget_B"": 0.0, ""warmup_epochs"": 5, ""entropy_coef"": 0.05, ""train_on_protected"": true}",123,eac9960f8ba0,0.7355,0.000823,0.7228,0.806,0.9309,0.2081,random_40_20_40,0.6956,0.8835,0.6347,0.6048,0.6204,0.5597,0.0,0.0158,0.6041,0.6041,0.6391,0.6063,,,0.5494,0.5349,0.0038,0.0128,0.0792,5.3492,1,,399.9,0.4007,0.1097,0.1202,0.4007,1333.0
Citeseer,GraphSAGE,harp_k2,"{""lam"": 0.5, ""use_lte"": true, ""use_gate"": true, ""arch_aware"": true, ""risk_frac"": 0.3, ""k_hops"": 2, ""strong_noise_scale"": 0.3, ""weak_noise_scale"": 0.0, ""target_protect_frac"": 0.4, ""budget_B"": 0.0, ""warmup_epochs"": 5, ""entropy_coef"": 0.05, ""train_on_protected"": true}",456,eac9960f8ba0,0.7355,0.000823,0.7077,0.7895,0.9166,0.2089,random_40_20_40,0.6756,0.8871,0.6643,0.5935,0.6565,0.5913,0.0,0.021,0.6044,0.6044,0.6992,0.6401,,,0.5535,0.5379,0.0053,0.0143,0.0911,5.3043,1,,397.5,0.3983,0.0938,0.1195,0.3983,1325.0
Citeseer,GraphSAGE,harp_uniform,"{""lam"": 0.5, ""use_lte"": true, ""use_gate"": false, ""arch_aware"": true, ""risk_frac"": 1.0, ""k_hops"": 0, ""strong_noise_scale"": 0.3, ""weak_noise_scale"": 0.0, ""target_protect_frac"": 0.4, ""budget_B"": 0.0, ""warmup_epochs"": 5, ""entropy_coef"": 0.05, ""train_on_protected"": false}",42,eac9960f8ba0,0.7355,0.000823,0.6972,0.7429,0.9241,0.2269,random_40_20_40,0.663,0.8699,0.6485,0.6123,0.6372,0.5995,0.0,0.0143,0.6134,0.6134,0.6547,0.6101,,,0.5435,0.5252,0.0083,0.0173,0.109,4.9123,1,,399.3,0.4001,0.4001,0.12,0.4001,1331.0
Citeseer,GraphSAGE,harp_uniform,"{""lam"": 0.5, ""use_lte"": true, ""use_gate"": false, ""arch_aware"": true, ""risk_frac"": 1.0, ""k_hops"": 0, ""strong_noise_scale"": 0.3, ""weak_noise_scale"": 0.0, ""target_protect_frac"": 0.4, ""budget_B"": 0.0, ""warmup_epochs"": 5, ""entropy_coef"": 0.05, ""train_on_protected"": false}",123,eac9960f8ba0,0.7355,0.000823,0.707,0.7158,0.9354,0.2284,random_40_20_40,0.6799,0.8688,0.6595,0.6056,0.6521,0.6183,0.0,0.0128,0.6142,0.6142,0.6603,0.6033,,,0.5509,0.5342,0.003,0.0098,0.1332,4.8718,1,,399.3,0.4001,0.4001,0.12,0.4001,1331.0
Citeseer,GraphSAGE,harp_uniform,"{""lam"": 0.5, ""use_lte"": true, ""use_gate"": false, ""arch_aware"": true, ""risk_frac"": 1.0, ""k_hops"": 0, ""strong_noise_scale"": 0.3, ""weak_noise_scale"": 0.0, ""target_protect_frac"": 0.4, ""budget_B"": 0.0, ""warmup_epochs"": 5, ""entropy_coef"": 0.05, ""train_on_protected"": false}",456,eac9960f8ba0,0.7355,0.000823,0.7243,0.7188,0.9391,0.2149,random_40_20_40,0.6922,0.8849,0.6471,0.6018,0.6489,0.6078,0.0,0.0165,0.6074,0.6074,0.6523,0.6026,,,0.5461,0.5349,0.0023,0.012,0.1187,5.0395,1,,399.3,0.4001,0.4001,0.12,0.4001,1331.0
Citeseer,GraphSAGE,harp_release_only,"{""lam"": 0.0, ""use_lte"": true, ""use_gate"": false, ""arch_aware"": true, ""risk_frac"": 0.3, ""k_hops"": 1, ""strong_noise_scale"": 0.3, ""weak_noise_scale"": 0.0, ""target_protect_frac"": 0.4, ""budget_B"": 0.0, ""warmup_epochs"": 5, ""entropy_coef"": 0.05, ""train_on_protected"": false}",42,eac9960f8ba0,0.7355,0.000823,0.7145,0.7383,0.9151,0.2006,random_40_20_40,0.6816,0.8787,0.6009,0.5935,0.591,0.5259,0.0,0.0158,0.6003,0.6003,0.6529,0.6206,,,0.5383,0.5319,0.0015,0.0135,0.0934,2.0427,1,,399.0,0.3998,0.196,0.1199,0.3998,1330.0
Citeseer,GraphSAGE,harp_release_only,"{""lam"": 0.0, ""use_lte"": true, ""use_gate"": false, ""arch_aware"": true, ""risk_frac"": 0.3, ""k_hops"": 1, ""strong_noise_scale"": 0.3, ""weak_noise_scale"": 0.0, ""target_protect_frac"": 0.4, ""budget_B"": 0.0, ""warmup_epochs"": 5, ""entropy_coef"": 0.05, ""train_on_protected"": false}",123,eac9960f8ba0,0.7355,0.000823,0.71,0.7128,0.9241,0.2141,random_40_20_40,0.6831,0.8762,0.6269,0.6078,0.5992,0.5237,0.0,0.0301,0.6071,0.6071,0.6779,0.6311,,,0.5539,0.5409,0.0038,0.015,0.0944,1.9917,1,,398.7,0.3995,0.2074,0.1198,0.3995,1329.0
Citeseer,GraphSAGE,harp_release_only,"{""lam"": 0.0, ""use_lte"": true, ""use_gate"": false, ""arch_aware"": true, ""risk_frac"": 0.3, ""k_hops"": 1, ""strong_noise_scale"": 0.3, ""weak_noise_scale"": 0.0, ""target_protect_frac"": 0.4, ""budget_B"": 0.0, ""warmup_epochs"": 5, ""entropy_coef"": 0.05, ""train_on_protected"": false}",456,eac9960f8ba0,0.7355,0.000823,0.7183,0.7098,0.9181,0.1998,random_40_20_40,0.6894,0.8874,0.6777,0.592,0.6134,0.5409,0.0,0.0218,0.5999,0.5999,0.6823,0.6416,,,0.5496,0.5312,0.0,0.0173,0.0854,1.9983,1,,399.0,0.3998,0.1999,0.1199,0.3998,1330.0
Chameleon,GraphSAGE,none,{},42,eac9960f8ba0,0.235,0.006966,0.4402,0.5055,0.9594,0.5192,random_40_20_40,0.4383,0.7591,0.8829,0.82,0.8884,0.8299,0.0,0.1076,0.7596,0.7596,0.8858,0.8255,,,0.6328,0.6092,0.0066,0.0571,0.2938,3.1018,1,,,,,,,
Chameleon,GraphSAGE,none,{},123,eac9960f8ba0,0.235,0.006966,0.4643,0.4659,0.966,0.5016,random_40_20_40,0.4609,0.7564,0.8688,0.8255,0.8773,0.8167,0.0011,0.0637,0.7508,0.7508,0.8724,0.8288,,,0.6052,0.5955,0.0011,0.056,0.2792,3.0978,1,,,,,,,
Chameleon,GraphSAGE,none,{},456,eac9960f8ba0,0.235,0.006966,0.438,0.4571,0.9616,0.5236,random_40_20_40,0.4338,0.7607,0.8716,0.809,0.8877,0.8211,0.0011,0.1175,0.7618,0.7618,0.8734,0.8057,,,0.6153,0.5867,0.0033,0.0637,0.2961,3.108,1,,,,,,,
Chameleon,GraphSAGE,lbp,"{""scale"": 0.3}",42,eac9960f8ba0,0.235,0.006966,0.393,0.4198,0.7947,0.4018,random_40_20_40,0.3919,0.6717,0.7605,0.7179,0.7542,0.697,0.0,0.0,0.7009,0.7009,0.7621,0.7058,,,0.5369,0.5313,0.0011,0.0241,0.2173,3.1032,1,,683.1,1.0,,0.3,1.0,2277.0
Chameleon,GraphSAGE,lbp,"{""scale"": 0.3}",123,eac9960f8ba0,0.235,0.006966,0.3974,0.367,0.8189,0.4215,random_40_20_40,0.395,0.67,0.7595,0.7102,0.7683,0.6992,0.0,0.0615,0.7108,0.7108,0.7595,0.7124,,,0.5309,0.5291,0.0044,0.0505,0.2082,3.1879,1,,683.1,1.0,,0.3,1.0,2277.0
Chameleon,GraphSAGE,lbp,"{""scale"": 0.3}",456,eac9960f8ba0,0.235,0.006966,0.382,0.3626,0.809,0.427,random_40_20_40,0.3808,0.6687,0.7476,0.7003,0.7631,0.697,0.0,0.0,0.7135,0.7135,0.7486,0.6937,,,0.5484,0.5362,0.0088,0.0384,0.2249,3.2079,1,,683.1,1.0,,0.3,1.0,2277.0
Chameleon,GraphSAGE,gtd,"{""gamma"": 1.0, ""stage1_frac"": 0.5, ""pseudo_conf"": 0.8}",42,eac9960f8ba0,0.235,0.006966,0.4665,0.5275,0.9572,0.4907,random_40_20_40,0.4612,0.7187,0.8014,0.7475,0.7684,0.6894,0.0,0.0296,0.7453,0.7453,0.797,0.7519,,,0.5933,0.5692,0.0011,0.0176,0.4093,3.1722,1,,,,,,,
Chameleon,GraphSAGE,gtd,"{""gamma"": 1.0, ""stage1_frac"": 0.5, ""pseudo_conf"": 0.8}",123,eac9960f8ba0,0.235,0.006966,0.4786,0.4791,0.9594,0.4808,random_40_20_40,0.4716,0.718,0.7885,0.7563,0.7703,0.6948,0.0,0.034,0.7404,0.7404,0.8026,0.7596,,,0.5698,0.5571,0.0,0.0165,0.3975,3.1908,1,,,,,,,
Chameleon,GraphSAGE,gtd,"{""gamma"": 1.0, ""stage1_frac"": 0.5, ""pseudo_conf"": 0.8}",456,eac9960f8ba0,0.235,0.006966,0.4577,0.4879,0.9528,0.4951,random_40_20_40,0.4512,0.7252,0.7933,0.7344,0.7566,0.6795,0.0011,0.0296,0.7475,0.7475,0.7905,0.7453,,,0.574,0.5521,0.0,0.0209,0.4162,3.126,1,,,,,,,
Chameleon,GraphSAGE,sami,"{""lam"": 0.5, ""use_lte"": true, ""use_gate"": true, ""arch_aware"": true, ""noise_scale"": 0.35, ""budget_B"": 0.0, ""warmup_epochs"": 5, ""entropy_coef"": 0.05}",42,eac9960f8ba0,0.235,0.006966,0.4369,0.6725,0.9023,0.4654,random_40_20_40,0.4345,0.7195,0.7908,0.7563,0.7914,0.7322,0.0,0.0,0.7327,0.7327,0.7912,0.7585,,,0.5609,0.5488,0.0022,0.034,0.2076,9.0624,1,,391.1836,0.9987,,0.1718,0.4909,2274.0
Chameleon,GraphSAGE,sami,"{""lam"": 0.5, ""use_lte"": true, ""use_gate"": true, ""arch_aware"": true, ""noise_scale"": 0.35, ""budget_B"": 0.0, ""warmup_epochs"": 5, ""entropy_coef"": 0.05}",123,eac9960f8ba0,0.235,0.006966,0.4808,0.6923,0.9385,0.4577,random_40_20_40,0.4796,0.7261,0.794,0.7486,0.7942,0.7256,0.0,0.0637,0.7289,0.7289,0.7943,0.7442,,,0.539,0.5368,0.0011,0.0318,0.1764,8.9013,1,,349.5492,0.9978,,0.1535,0.4386,2272.0
Chameleon,GraphSAGE,sami,"{""lam"": 0.5, ""use_lte"": true, ""use_gate"": true, ""arch_aware"": true, ""noise_scale"": 0.35, ""budget_B"": 0.0, ""warmup_epochs"": 5, ""entropy_coef"": 0.05}",456,eac9960f8ba0,0.235,0.006966,0.4566,0.6308,0.9155,0.4588,random_40_20_40,0.4534,0.7214,0.7821,0.7311,0.7909,0.7179,0.0,0.0,0.7294,0.7294,0.7823,0.7344,,,0.5481,0.5346,0.0077,0.0231,0.1919,9.1773,1,,394.2143,0.9996,,0.1731,0.4947,2276.0
Chameleon,GraphSAGE,harp,"{""lam"": 0.5, ""use_lte"": true, ""use_gate"": true, ""arch_aware"": true, ""risk_frac"": 0.3, ""k_hops"": 1, ""strong_noise_scale"": 0.3, ""weak_noise_scale"": 0.0, ""target_protect_frac"": 0.4, ""budget_B"": 0.0, ""warmup_epochs"": 5, ""entropy_coef"": 0.05, ""train_on_protected"": true}",42,eac9960f8ba0,0.235,0.006966,0.4336,0.7187,0.8924,0.4588,random_40_20_40,0.4343,0.7199,0.8242,0.7278,0.8225,0.7311,0.0,0.0329,0.7294,0.7294,0.8263,0.7431,,,0.5636,0.5461,0.0033,0.0077,0.2485,9.3208,1,,273.3,0.4001,0.1208,0.12,0.4001,911.0
Chameleon,GraphSAGE,harp,"{""lam"": 0.5, ""use_lte"": true, ""use_gate"": true, ""arch_aware"": true, ""risk_frac"": 0.3, ""k_hops"": 1, ""strong_noise_scale"": 0.3, ""weak_noise_scale"": 0.0, ""target_protect_frac"": 0.4, ""budget_B"": 0.0, ""warmup_epochs"": 5, ""entropy_coef"": 0.05, ""train_on_protected"": true}",123,eac9960f8ba0,0.235,0.006966,0.4764,0.7143,0.9001,0.4237,random_40_20_40,0.4748,0.748,0.7935,0.7025,0.7908,0.7058,0.0,0.067,0.7119,0.7119,0.7935,0.7003,,,0.5443,0.5434,0.0055,0.0132,0.2137,9.4782,1,,272.7,0.3992,0.1111,0.1198,0.3992,909.0
Chameleon,GraphSAGE,harp,"{""lam"": 0.5, ""use_lte"": true, ""use_gate"": true, ""arch_aware"": true, ""risk_frac"": 0.3, ""k_hops"": 1, ""strong_noise_scale"": 0.3, ""weak_noise_scale"": 0.0, ""target_protect_frac"": 0.4, ""budget_B"": 0.0, ""warmup_epochs"": 5, ""entropy_coef"": 0.05, ""train_on_protected"": true}",456,eac9960f8ba0,0.235,0.006966,0.4446,0.6945,0.899,0.4544,random_40_20_40,0.4406,0.7339,0.8025,0.7256,0.803,0.719,0.0,0.0,0.7272,0.7272,0.8028,0.7256,,,0.5562,0.5445,0.0044,0.011,0.2511,9.2711,1,,273.3,0.4001,0.0738,0.12,0.4001,911.0
Chameleon,GraphSAGE,harp_k0,"{""lam"": 0.5, ""use_lte"": true, ""use_gate"": true, ""arch_aware"": true, ""risk_frac"": 0.3, ""k_hops"": 0, ""strong_noise_scale"": 0.3, ""weak_noise_scale"": 0.0, ""target_protect_frac"": 0.4, ""budget_B"": 0.0, ""warmup_epochs"": 5, ""entropy_coef"": 0.05, ""train_on_protected"": true}",42,eac9960f8ba0,0.235,0.006966,0.4435,0.6945,0.8639,0.4204,random_40_20_40,0.4404,0.7355,0.8026,0.7234,0.8067,0.7344,0.0,0.0428,0.7102,0.7102,0.8006,0.7168,,,0.573,0.5565,0.0044,0.022,0.2399,9.1018,1,,273.0,0.3996,0.3996,0.1199,0.3996,910.0
Chameleon,GraphSAGE,harp_k0,"{""lam"": 0.5, ""use_lte"": true, ""use_gate"": true, ""arch_aware"": true, ""risk_frac"": 0.3, ""k_hops"": 0, ""strong_noise_scale"": 0.3, ""weak_noise_scale"": 0.0, ""target_protect_frac"": 0.4, ""budget_B"": 0.0, ""warmup_epochs"": 5, ""entropy_coef"": 0.05, ""train_on_protected"": true}",123,eac9960f8ba0,0.235,0.006966,0.4555,0.7011,0.8913,0.4358,random_40_20_40,0.4552,0.7319,0.8015,0.7069,0.8054,0.719,0.0,0.0516,0.7179,0.7179,0.8007,0.708,,,0.5486,0.5417,0.0,0.0241,0.2293,9.4827,1,,273.0,0.3996,0.3996,0.1199,0.3996,910.0
Chameleon,GraphSAGE,harp_k0,"{""lam"": 0.5, ""use_lte"": true, ""use_gate"": true, ""arch_aware"": true, ""risk_frac"": 0.3, ""k_hops"": 0, ""strong_noise_scale"": 0.3, ""weak_noise_scale"": 0.0, ""target_protect_frac"": 0.4, ""budget_B"": 0.0, ""warmup_epochs"": 5, ""entropy_coef"": 0.05, ""train_on_protected"": true}",456,eac9960f8ba0,0.235,0.006966,0.4424,0.6418,0.8902,0.4479,random_40_20_40,0.4399,0.7314,0.8133,0.7377,0.821,0.742,0.0,0.0735,0.7239,0.7239,0.8135,0.7366,,,0.5591,0.5412,0.0,0.0154,0.2377,9.249,1,,273.0,0.3996,0.3996,0.1199,0.3996,910.0
Chameleon,GraphSAGE,harp_k2,"{""lam"": 0.5, ""use_lte"": true, ""use_gate"": true, ""arch_aware"": true, ""risk_frac"": 0.3, ""k_hops"": 2, ""strong_noise_scale"": 0.3, ""weak_noise_scale"": 0.0, ""target_protect_frac"": 0.4, ""budget_B"": 0.0, ""warmup_epochs"": 5, ""entropy_coef"": 0.05, ""train_on_protected"": true}",42,eac9960f8ba0,0.235,0.006966,0.4138,0.7033,0.8935,0.4797,random_40_20_40,0.4145,0.718,0.8501,0.7662,0.85,0.7634,0.0,0.1087,0.7398,0.7398,0.8528,0.7673,,,0.6017,0.5867,0.0033,0.0187,0.2756,9.4715,1,,222.3,0.3254,0.0022,0.0976,0.3254,741.0
Chameleon,GraphSAGE,harp_k2,"{""lam"": 0.5, ""use_lte"": true, ""use_gate"": true, ""arch_aware"": true, ""risk_frac"": 0.3, ""k_hops"": 2, ""strong_noise_scale"": 0.3, ""weak_noise_scale"": 0.0, ""target_protect_frac"": 0.4, ""budget_B"": 0.0, ""warmup_epochs"": 5, ""entropy_coef"": 0.05, ""train_on_protected"": true}",123,eac9960f8ba0,0.235,0.006966,0.449,0.7077,0.8902,0.4413,random_40_20_40,0.4486,0.7217,0.818,0.7289,0.814,0.7245,0.0,0.0735,0.7206,0.7206,0.8168,0.7256,,,0.5511,0.5499,0.0011,0.011,0.2335,9.4497,1,,314.4,0.4603,0.011,0.1381,0.4603,1048.0
Chameleon,GraphSAGE,harp_k2,"{""lam"": 0.5, ""use_lte"": true, ""use_gate"": true, ""arch_aware"": true, ""risk_frac"": 0.3, ""k_hops"": 2, ""strong_noise_scale"": 0.3, ""weak_noise_scale"": 0.0, ""target_protect_frac"": 0.4, ""budget_B"": 0.0, ""warmup_epochs"": 5, ""entropy_coef"": 0.05, ""train_on_protected"": true}",456,eac9960f8ba0,0.235,0.006966,0.4237,0.6813,0.8825,0.4588,random_40_20_40,0.4217,0.7223,0.8247,0.7289,0.826,0.7311,0.0,0.0527,0.7294,0.7294,0.825,0.7201,,,0.5832,0.5609,0.0,0.0121,0.2497,9.364,1,,309.0,0.4523,0.0009,0.1357,0.4523,1030.0
Chameleon,GraphSAGE,harp_uniform,"{""lam"": 0.5, ""use_lte"": true, ""use_gate"": false, ""arch_aware"": true, ""risk_frac"": 1.0, ""k_hops"": 0, ""strong_noise_scale"": 0.3, ""weak_noise_scale"": 0.0, ""target_protect_frac"": 0.4, ""budget_B"": 0.0, ""warmup_epochs"": 5, ""entropy_coef"": 0.05, ""train_on_protected"": false}",42,eac9960f8ba0,0.235,0.006966,0.4435,0.5341,0.8968,0.4533,random_40_20_40,0.4422,0.7337,0.7915,0.7113,0.788,0.7036,0.0,0.0,0.7267,0.7267,0.7922,0.7102,,,0.5814,0.5664,0.0022,0.0252,0.2697,8.6051,1,,273.0,0.3996,0.3996,0.1199,0.3996,910.0
Chameleon,GraphSAGE,harp_uniform,"{""lam"": 0.5, ""use_lte"": true, ""use_gate"": false, ""arch_aware"": true, ""risk_frac"": 1.0, ""k_hops"": 0, ""strong_noise_scale"": 0.3, ""weak_noise_scale"": 0.0, ""target_protect_frac"": 0.4, ""budget_B"": 0.0, ""warmup_epochs"": 5, ""entropy_coef"": 0.05, ""train_on_protected"": false}",123,eac9960f8ba0,0.235,0.006966,0.4665,0.5099,0.899,0.4325,random_40_20_40,0.4602,0.7369,0.794,0.7201,0.7963,0.7234,0.0,0.0472,0.7162,0.7162,0.7947,0.7278,,,0.558,0.5576,0.0011,0.0252,0.2541,7.7683,1,,273.0,0.3996,0.3996,0.1199,0.3996,910.0
Chameleon,GraphSAGE,harp_uniform,"{""lam"": 0.5, ""use_lte"": true, ""use_gate"": false, ""arch_aware"": true, ""risk_frac"": 1.0, ""k_hops"": 0, ""strong_noise_scale"": 0.3, ""weak_noise_scale"": 0.0, ""target_protect_frac"": 0.4, ""budget_B"": 0.0, ""warmup_epochs"": 5, ""entropy_coef"": 0.05, ""train_on_protected"": false}",456,eac9960f8ba0,0.235,0.006966,0.4248,0.4923,0.9034,0.4786,random_40_20_40,0.4238,0.7232,0.7972,0.7168,0.8052,0.7179,0.0,0.0329,0.7393,0.7393,0.7906,0.7234,,,0.581,0.5637,0.0022,0.0187,0.2752,7.8895,1,,273.0,0.3996,0.3996,0.1199,0.3996,910.0
Chameleon,GraphSAGE,harp_release_only,"{""lam"": 0.0, ""use_lte"": true, ""use_gate"": false, ""arch_aware"": true, ""risk_frac"": 0.3, ""k_hops"": 1, ""strong_noise_scale"": 0.3, ""weak_noise_scale"": 0.0, ""target_protect_frac"": 0.4, ""budget_B"": 0.0, ""warmup_epochs"": 5, ""entropy_coef"": 0.05, ""train_on_protected"": false}",42,eac9960f8ba0,0.235,0.006966,0.4116,0.4681,0.8968,0.4852,random_40_20_40,0.4117,0.7089,0.8372,0.7475,0.8307,0.7464,0.0,0.0549,0.7426,0.7426,0.8377,0.753,,,0.5728,0.5609,0.0055,0.0066,0.272,3.0657,1,,273.3,0.4001,0.1208,0.12,0.4001,911.0
Chameleon,GraphSAGE,harp_release_only,"{""lam"": 0.0, ""use_lte"": true, ""use_gate"": false, ""arch_aware"": true, ""risk_frac"": 0.3, ""k_hops"": 1, ""strong_noise_scale"": 0.3, ""weak_noise_scale"": 0.0, ""target_protect_frac"": 0.4, ""budget_B"": 0.0, ""warmup_epochs"": 5, ""entropy_coef"": 0.05, ""train_on_protected"": false}",123,eac9960f8ba0,0.235,0.006966,0.4479,0.444,0.9056,0.4577,random_40_20_40,0.4464,0.7295,0.8063,0.7102,0.8106,0.7267,0.0,0.0406,0.7289,0.7289,0.8062,0.7124,,,0.556,0.5538,0.011,0.0241,0.2484,2.9848,1,,272.7,0.3992,0.1111,0.1198,0.3992,909.0
Chameleon,GraphSAGE,harp_release_only,"{""lam"": 0.0, ""use_lte"": true, ""use_gate"": false, ""arch_aware"": true, ""risk_frac"": 0.3, ""k_hops"": 1, ""strong_noise_scale"": 0.3, ""weak_noise_scale"": 0.0, ""target_protect_frac"": 0.4, ""budget_B"": 0.0, ""warmup_epochs"": 5, ""entropy_coef"": 0.05, ""train_on_protected"": false}",456,eac9960f8ba0,0.235,0.006966,0.4204,0.444,0.9012,0.4808,random_40_20_40,0.4188,0.724,0.8213,0.7344,0.8245,0.7333,0.0,0.0,0.7404,0.7404,0.8218,0.7409,,,0.5614,0.5445,0.0088,0.0154,0.2608,3.0172,1,,273.3,0.4001,0.0738,0.12,0.4001,911.0
Actor,GraphSAGE,none,{},42,eac9960f8ba0,0.2188,0.00052,0.327,0.325,0.903,0.576,random_40_20_40,0.3146,0.6554,0.8756,0.7984,0.8401,0.777,0.0013,0.0115,0.788,0.788,0.8747,0.7993,,,0.6159,0.5855,0.0026,0.0303,0.2703,1.4938,1,,,,,,,
Actor,GraphSAGE,none,{},123,eac9960f8ba0,0.2188,0.00052,0.3414,0.3375,0.9105,0.5691,random_40_20_40,0.3261,0.6627,0.8746,0.7977,0.8355,0.7806,0.0013,0.0128,0.7845,0.7845,0.872,0.7895,,,0.5983,0.5837,0.0053,0.0349,0.2554,1.5679,1,,,,,,,
Actor,GraphSAGE,none,{},456,eac9960f8ba0,0.2188,0.00052,0.3375,0.3178,0.9095,0.572,random_40_20_40,0.3259,0.6599,0.8798,0.8063,0.84,0.7826,0.0013,0.0122,0.786,0.786,0.8788,0.8013,,,0.6151,0.5868,0.0151,0.0444,0.2604,1.5146,1,,,,,,,
Actor,GraphSAGE,lbp,"{""scale"": 0.3}",42,eac9960f8ba0,0.2188,0.00052,0.297,0.2928,0.6562,0.3592,random_40_20_40,0.2817,0.5708,0.7383,0.6951,0.7411,0.6898,0.0,0.0,0.6796,0.6796,0.7386,0.6891,,,0.5478,0.5329,0.0043,0.0332,0.2794,1.536,1,,2280.0,1.0,,0.3,1.0,7600.0
Actor,GraphSAGE,lbp,"{""scale"": 0.3}",123,eac9960f8ba0,0.2188,0.00052,0.2849,0.2816,0.6618,0.377,random_40_20_40,0.2711,0.5902,0.734,0.6901,0.7395,0.6954,0.0,0.0299,0.6885,0.6885,0.7361,0.6911,,,0.536,0.5349,0.003,0.0266,0.2892,1.5143,1,,2280.0,1.0,,0.3,1.0,7600.0
Actor,GraphSAGE,lbp,"{""scale"": 0.3}",456,eac9960f8ba0,0.2188,0.00052,0.2796,0.2809,0.653,0.3734,random_40_20_40,0.2645,0.572,0.7366,0.6924,0.7376,0.6947,0.0,0.026,0.6867,0.6867,0.7362,0.6908,,,0.5619,0.5467,0.0036,0.0349,0.2995,1.5377,1,,2280.0,1.0,,0.3,1.0,7600.0
Actor,GraphSAGE,gtd,"{""gamma"": 1.0, ""stage1_frac"": 0.5, ""pseudo_conf"": 0.8}",42,eac9960f8ba0,0.2188,0.00052,0.348,0.3349,0.8516,0.5036,random_40_20_40,0.3277,0.6623,0.8488,0.7559,0.7835,0.7444,0.0,0.0105,0.7518,0.7518,0.8502,0.7556,,,0.5933,0.5689,0.0,0.0174,0.2486,1.5486,1,,,,,,,
Actor,GraphSAGE,gtd,"{""gamma"": 1.0, ""stage1_frac"": 0.5, ""pseudo_conf"": 0.8}",123,eac9960f8ba0,0.2188,0.00052,0.3359,0.3421,0.8539,0.5181,random_40_20_40,0.3126,0.6617,0.8449,0.7638,0.787,0.7464,0.0,0.0102,0.759,0.759,0.8459,0.7602,,,0.5791,0.5712,0.0033,0.022,0.269,1.5522,1,,,,,,,
Actor,GraphSAGE,gtd,"{""gamma"": 1.0, ""stage1_frac"": 0.5, ""pseudo_conf"": 0.8}",456,eac9960f8ba0,0.2188,0.00052,0.3349,0.3342,0.8576,0.5227,random_40_20_40,0.3145,0.6602,0.8484,0.7661,0.7944,0.7569,0.0,0.0115,0.7613,0.7613,0.8506,0.7655,,,0.5937,0.5709,0.0046,0.027,0.2636,1.6265,1,,,,,,,
Actor,GraphSAGE,sami,"{""lam"": 0.5, ""use_lte"": true, ""use_gate"": true, ""arch_aware"": true, ""noise_scale"": 0.35, ""budget_B"": 0.0, ""warmup_epochs"": 5, ""entropy_coef"": 0.05}",42,eac9960f8ba0,0.2188,0.00052,0.3312,0.3191,0.752,0.4207,random_40_20_40,0.3153,0.6003,0.7666,0.7161,0.7552,0.703,0.0,0.0171,0.7104,0.7104,0.7674,0.7158,,,0.5556,0.5372,0.003,0.0253,0.245,5.0679,1,,1477.8759,0.9999,,0.1945,0.5556,7599.0
Actor,GraphSAGE,sami,"{""lam"": 0.5, ""use_lte"": true, ""use_gate"": true, ""arch_aware"": true, ""noise_scale"": 0.35, ""budget_B"": 0.0, ""warmup_epochs"": 5, ""entropy_coef"": 0.05}",123,eac9960f8ba0,0.2188,0.00052,0.3135,0.3211,0.7724,0.4589,random_40_20_40,0.2907,0.6003,0.7815,0.7286,0.7728,0.7214,0.0,0.0243,0.7294,0.7294,0.7822,0.7286,,,0.5518,0.5436,0.0141,0.0451,0.26,5.1673,1,,1355.2224,0.9999,,0.1783,0.5095,7599.0
Actor,GraphSAGE,sami,"{""lam"": 0.5, ""use_lte"": true, ""use_gate"": true, ""arch_aware"": true, ""noise_scale"": 0.35, ""budget_B"": 0.0, ""warmup_epochs"": 5, ""entropy_coef"": 0.05}",456,eac9960f8ba0,0.2188,0.00052,0.3095,0.3533,0.7691,0.4595,random_40_20_40,0.2939,0.607,0.7869,0.7329,0.7771,0.7266,0.0,0.0,0.7298,0.7298,0.7883,0.7365,,,0.5603,0.5429,0.0099,0.0329,0.2633,5.1785,1,,1343.0946,0.9995,,0.1767,0.5049,7596.0
Actor,GraphSAGE,harp,"{""lam"": 0.5, ""use_lte"": true, ""use_gate"": true, ""arch_aware"": true, ""risk_frac"": 0.3, ""k_hops"": 1, ""strong_noise_scale"": 0.3, ""weak_noise_scale"": 0.0, ""target_protect_frac"": 0.4, ""budget_B"": 0.0, ""warmup_epochs"": 5, ""entropy_coef"": 0.05, ""train_on_protected"": true}",42,eac9960f8ba0,0.2188,0.00052,0.3326,0.3928,0.7461,0.4135,random_40_20_40,0.3159,0.6267,0.7632,0.7171,0.7571,0.7089,0.0,0.0125,0.7067,0.7067,0.7722,0.7194,,,0.5616,0.5469,0.0036,0.0181,0.2546,5.459,1,,912.6,0.4003,0.1532,0.1201,0.4003,3042.0
Actor,GraphSAGE,harp,"{""lam"": 0.5, ""use_lte"": true, ""use_gate"": true, ""arch_aware"": true, ""risk_frac"": 0.3, ""k_hops"": 1, ""strong_noise_scale"": 0.3, ""weak_noise_scale"": 0.0, ""target_protect_frac"": 0.4, ""budget_B"": 0.0, ""warmup_epochs"": 5, ""entropy_coef"": 0.05, ""train_on_protected"": true}",123,eac9960f8ba0,0.2188,0.00052,0.3257,0.4099,0.7632,0.4375,random_40_20_40,0.3057,0.6362,0.7718,0.7197,0.7605,0.7178,0.0,0.0184,0.7188,0.7188,0.7825,0.7266,,,0.5531,0.549,0.0072,0.0217,0.2623,5.3741,1,,911.1,0.3996,0.1321,0.1199,0.3996,3037.0
Actor,GraphSAGE,harp,"{""lam"": 0.5, ""use_lte"": true, ""use_gate"": true, ""arch_aware"": true, ""risk_frac"": 0.3, ""k_hops"": 1, ""strong_noise_scale"": 0.3, ""weak_noise_scale"": 0.0, ""target_protect_frac"": 0.4, ""budget_B"": 0.0, ""warmup_epochs"": 5, ""entropy_coef"": 0.05, ""train_on_protected"": true}",456,eac9960f8ba0,0.2188,0.00052,0.324,0.4099,0.7579,0.4339,random_40_20_40,0.3095,0.626,0.7811,0.7309,0.7651,0.7204,0.0,0.0194,0.7169,0.7169,0.7897,0.7342,,,0.5697,0.5551,0.0079,0.0181,0.2684,5.4384,1,,911.7,0.3999,0.1354,0.12,0.3999,3039.0
Actor,GraphSAGE,harp_k0,"{""lam"": 0.5, ""use_lte"": true, ""use_gate"": true, ""arch_aware"": true, ""risk_frac"": 0.3, ""k_hops"": 0, ""strong_noise_scale"": 0.3, ""weak_noise_scale"": 0.0, ""target_protect_frac"": 0.4, ""budget_B"": 0.0, ""warmup_epochs"": 5, ""entropy_coef"": 0.05, ""train_on_protected"": true}",42,eac9960f8ba0,0.2188,0.00052,0.3237,0.3941,0.7724,0.4487,random_40_20_40,0.3071,0.6192,0.7823,0.7306,0.7717,0.724,0.0,0.0089,0.7243,0.7243,0.7964,0.7336,,,0.568,0.5503,0.003,0.0187,0.2625,5.3068,1,,911.7,0.3999,0.3999,0.12,0.3999,3039.0
Actor,GraphSAGE,harp_k0,"{""lam"": 0.5, ""use_lte"": true, ""use_gate"": true, ""arch_aware"": true, ""risk_frac"": 0.3, ""k_hops"": 0, ""strong_noise_scale"": 0.3, ""weak_noise_scale"": 0.0, ""target_protect_frac"": 0.4, ""budget_B"": 0.0, ""warmup_epochs"": 5, ""entropy_coef"": 0.05, ""train_on_protected"": true}",123,eac9960f8ba0,0.2188,0.00052,0.3151,0.3993,0.7882,0.473,random_40_20_40,0.2937,0.6222,0.7994,0.7352,0.7775,0.725,0.0,0.0145,0.7365,0.7365,0.8035,0.7362,,,0.5569,0.5477,0.0066,0.0227,0.2694,5.2597,1,,911.7,0.3999,0.3999,0.12,0.3999,3039.0
Actor,GraphSAGE,harp_k0,"{""lam"": 0.5, ""use_lte"": true, ""use_gate"": true, ""arch_aware"": true, ""risk_frac"": 0.3, ""k_hops"": 0, ""strong_noise_scale"": 0.3, ""weak_noise_scale"": 0.0, ""target_protect_frac"": 0.4, ""budget_B"": 0.0, ""warmup_epochs"": 5, ""entropy_coef"": 0.05, ""train_on_protected"": true}",456,eac9960f8ba0,0.2188,0.00052,0.3132,0.3901,0.7888,0.4757,random_40_20_40,0.299,0.6245,0.7957,0.748,0.7845,0.7411,0.0,0.0125,0.7378,0.7378,0.8019,0.7454,,,0.572,0.5541,0.0109,0.0217,0.2722,5.1828,1,,911.7,0.3999,0.3999,0.12,0.3999,3039.0
Actor,GraphSAGE,harp_k2,"{""lam"": 0.5, ""use_lte"": true, ""use_gate"": true, ""arch_aware"": true, ""risk_frac"": 0.3, ""k_hops"": 2, ""strong_noise_scale"": 0.3, ""weak_noise_scale"": 0.0, ""target_protect_frac"": 0.4, ""budget_B"": 0.0, ""warmup_epochs"": 5, ""entropy_coef"": 0.05, ""train_on_protected"": true}",42,eac9960f8ba0,0.2188,0.00052,0.325,0.3757,0.7793,0.4543,random_40_20_40,0.3113,0.6195,0.7885,0.7322,0.7767,0.7234,0.0,0.0115,0.7271,0.7271,0.8027,0.7352,,,0.5699,0.5497,0.0036,0.0138,0.2628,5.4481,1,,913.2,0.4005,0.0108,0.1202,0.4005,3044.0
Actor,GraphSAGE,harp_k2,"{""lam"": 0.5, ""use_lte"": true, ""use_gate"": true, ""arch_aware"": true, ""risk_frac"": 0.3, ""k_hops"": 2, ""strong_noise_scale"": 0.3, ""weak_noise_scale"": 0.0, ""target_protect_frac"": 0.4, ""budget_B"": 0.0, ""warmup_epochs"": 5, ""entropy_coef"": 0.05, ""train_on_protected"": true}",123,eac9960f8ba0,0.2188,0.00052,0.3168,0.3947,0.7796,0.4628,random_40_20_40,0.2978,0.6199,0.7959,0.7349,0.7838,0.7309,0.0,0.0158,0.7314,0.7314,0.8024,0.728,,,0.5588,0.5538,0.0109,0.0237,0.2689,5.4459,1,,912.3,0.4001,0.0205,0.12,0.4001,3041.0
Actor,GraphSAGE,harp_k2,"{""lam"": 0.5, ""use_lte"": true, ""use_gate"": true, ""arch_aware"": true, ""risk_frac"": 0.3, ""k_hops"": 2, ""strong_noise_scale"": 0.3, ""weak_noise_scale"": 0.0, ""target_protect_frac"": 0.4, ""budget_B"": 0.0, ""warmup_epochs"": 5, ""entropy_coef"": 0.05, ""train_on_protected"": true}",456,eac9960f8ba0,0.2188,0.00052,0.3181,0.4013,0.7845,0.4664,random_40_20_40,0.3019,0.6183,0.8003,0.7414,0.7871,0.7309,0.0,0.0178,0.7332,0.7332,0.8047,0.7378,,,0.5792,0.5638,0.0043,0.0174,0.2697,5.4985,1,,913.2,0.4005,0.0193,0.1202,0.4005,3044.0
Actor,GraphSAGE,harp_uniform,"{""lam"": 0.5, ""use_lte"": true, ""use_gate"": false, ""arch_aware"": true, ""risk_frac"": 1.0, ""k_hops"": 0, ""strong_noise_scale"": 0.3, ""weak_noise_scale"": 0.0, ""target_protect_frac"": 0.4, ""budget_B"": 0.0, ""warmup_epochs"": 5, ""entropy_coef"": 0.05, ""train_on_protected"": false}",42,eac9960f8ba0,0.2188,0.00052,0.3214,0.2257,0.748,0.4266,random_40_20_40,0.3027,0.6187,0.7697,0.7237,0.7595,0.7082,0.0,0.0112,0.7133,0.7133,0.7719,0.7276,,,0.5736,0.5613,0.001,0.0181,0.2904,4.1832,1,,911.7,0.3999,0.3999,0.12,0.3999,3039.0
Actor,GraphSAGE,harp_uniform,"{""lam"": 0.5, ""use_lte"": true, ""use_gate"": false, ""arch_aware"": true, ""risk_frac"": 1.0, ""k_hops"": 0, ""strong_noise_scale"": 0.3, ""weak_noise_scale"": 0.0, ""target_protect_frac"": 0.4, ""budget_B"": 0.0, ""warmup_epochs"": 5, ""entropy_coef"": 0.05, ""train_on_protected"": false}",123,eac9960f8ba0,0.2188,0.00052,0.3194,0.2217,0.7576,0.4382,random_40_20_40,0.2955,0.6171,0.7786,0.7217,0.7663,0.7138,0.0,0.0214,0.7191,0.7191,0.7849,0.722,,,0.5572,0.55,0.0049,0.0217,0.2911,4.0971,1,,911.7,0.3999,0.3999,0.12,0.3999,3039.0
Actor,GraphSAGE,harp_uniform,"{""lam"": 0.5, ""use_lte"": true, ""use_gate"": false, ""arch_aware"": true, ""risk_frac"": 1.0, ""k_hops"": 0, ""strong_noise_scale"": 0.3, ""weak_noise_scale"": 0.0, ""target_protect_frac"": 0.4, ""budget_B"": 0.0, ""warmup_epochs"": 5, ""entropy_coef"": 0.05, ""train_on_protected"": false}",456,eac9960f8ba0,0.2188,0.00052,0.3125,0.2197,0.7599,0.4474,random_40_20_40,0.2918,0.6135,0.7918,0.7303,0.775,0.7211,0.0,0.0197,0.7237,0.7237,0.7955,0.7322,,,0.5765,0.5599,0.0046,0.0194,0.2867,4.1507,1,,911.7,0.3999,0.3999,0.12,0.3999,3039.0
Actor,GraphSAGE,harp_release_only,"{""lam"": 0.0, ""use_lte"": true, ""use_gate"": false, ""arch_aware"": true, ""risk_frac"": 0.3, ""k_hops"": 1, ""strong_noise_scale"": 0.3, ""weak_noise_scale"": 0.0, ""target_protect_frac"": 0.4, ""budget_B"": 0.0, ""warmup_epochs"": 5, ""entropy_coef"": 0.05, ""train_on_protected"": false}",42,eac9960f8ba0,0.2188,0.00052,0.3214,0.3026,0.7773,0.4559,random_40_20_40,0.3085,0.622,0.784,0.7329,0.7783,0.7207,0.0,0.0155,0.728,0.728,0.7908,0.7296,,,0.566,0.547,0.002,0.0171,0.2735,1.8955,1,,912.6,0.4003,0.1532,0.1201,0.4003,3042.0
Actor,GraphSAGE,harp_release_only,"{""lam"": 0.0, ""use_lte"": true, ""use_gate"": false, ""arch_aware"": true, ""risk_frac"": 0.3, ""k_hops"": 1, ""strong_noise_scale"": 0.3, ""weak_noise_scale"": 0.0, ""target_protect_frac"": 0.4, ""budget_B"": 0.0, ""warmup_epochs"": 5, ""entropy_coef"": 0.05, ""train_on_protected"": false}",123,eac9960f8ba0,0.2188,0.00052,0.3293,0.3211,0.7868,0.4576,random_40_20_40,0.3143,0.6367,0.7815,0.7299,0.7744,0.727,0.0,0.0211,0.7288,0.7288,0.7894,0.7332,,,0.5571,0.5516,0.0095,0.0207,0.2624,1.8468,1,,911.1,0.3996,0.1321,0.1199,0.3996,3037.0
Actor,GraphSAGE,harp_release_only,"{""lam"": 0.0, ""use_lte"": true, ""use_gate"": false, ""arch_aware"": true, ""risk_frac"": 0.3, ""k_hops"": 1, ""strong_noise_scale"": 0.3, ""weak_noise_scale"": 0.0, ""target_protect_frac"": 0.4, ""budget_B"": 0.0, ""warmup_epochs"": 5, ""entropy_coef"": 0.05, ""train_on_protected"": false}",456,eac9960f8ba0,0.2188,0.00052,0.3178,0.3092,0.7789,0.4612,random_40_20_40,0.3033,0.6244,0.7974,0.7484,0.7812,0.7322,0.0,0.0207,0.7306,0.7306,0.8021,0.7418,,,0.5758,0.5604,0.0079,0.0197,0.274,1.8585,1,,911.7,0.3999,0.1354,0.12,0.3999,3039.0
Cora,GCN,none,{},42,eac9960f8ba0,0.81,0.00144,0.8717,0.8487,0.9825,0.1108,random_40_20_40,0.8677,0.9827,0.5771,0.5743,0.5692,0.5392,0.0,0.0046,0.5554,0.5554,0.5578,0.566,,,0.5434,0.5319,0.0055,0.0212,0.0524,0.3223,1,,,,,,,
Cora,GCN,none,{},123,eac9960f8ba0,0.81,0.00144,0.8587,0.8653,0.9852,0.1265,random_40_20_40,0.8484,0.9783,0.5703,0.5651,0.5769,0.5355,0.0,0.0129,0.5633,0.5633,0.5708,0.5743,,,0.5517,0.5282,0.0065,0.0259,0.0415,0.3108,1,,,,,,,
Cora,GCN,none,{},456,eac9960f8ba0,0.81,0.00144,0.8726,0.8764,0.9834,0.1108,random_40_20_40,0.8659,0.9835,0.5859,0.5789,0.5614,0.5328,0.0,0.0065,0.5554,0.5554,0.5985,0.578,,,0.5335,0.5291,0.0009,0.0102,0.0328,0.3,1,,,,,,,
Cora,GCN,lbp,"{""scale"": 0.3}",42,eac9960f8ba0,0.81,0.00144,0.6971,0.6716,0.771,0.0739,random_40_20_40,0.6762,0.8986,0.5427,0.5439,0.5533,0.5328,0.0,0.0,0.5369,0.5369,0.5471,0.53,,,0.5136,0.5032,0.0009,0.0111,0.1399,0.3115,1,,812.4,1.0,,0.3,1.0,2708.0
Cora,GCN,lbp,"{""scale"": 0.3}",123,eac9960f8ba0,0.81,0.00144,0.687,0.7066,0.7664,0.0794,random_40_20_40,0.661,0.8923,0.5422,0.5374,0.5391,0.5088,0.0,0.0157,0.5397,0.5397,0.5324,0.5346,,,0.5246,0.5152,0.0055,0.0203,0.129,0.3123,1,,812.4,1.0,,0.3,1.0,2708.0
Cora,GCN,lbp,"{""scale"": 0.3}",456,eac9960f8ba0,0.81,0.00144,0.6934,0.6937,0.7682,0.0748,random_40_20_40,0.6677,0.8922,0.536,0.554,0.5398,0.5282,0.0,0.0,0.5374,0.5374,0.5703,0.5725,,,0.4971,0.5,0.0037,0.0157,0.1291,0.3009,1,,812.4,1.0,,0.3,1.0,2708.0
Cora,GCN,sami,"{""lam"": 0.5, ""use_lte"": true, ""use_gate"": true, ""arch_aware"": true, ""noise_scale"": 0.35, ""budget_B"": 0.0, ""warmup_epochs"": 5, ""entropy_coef"": 0.05}",42,eac9960f8ba0,0.81,0.00144,0.856,0.8506,0.9658,0.1099,random_40_20_40,0.8504,0.953,0.5619,0.5531,0.5583,0.5319,0.0,0.0,0.5549,0.5549,0.5378,0.5217,,,0.5153,0.5115,0.0028,0.0129,0.106,1.0414,1,,283.1536,0.9996,,0.1046,0.2987,2707.0
Cora,GCN,sami,"{""lam"": 0.5, ""use_lte"": true, ""use_gate"": true, ""arch_aware"": true, ""noise_scale"": 0.35, ""budget_B"": 0.0, ""warmup_epochs"": 5, ""entropy_coef"": 0.05}",123,eac9960f8ba0,0.81,0.00144,0.8513,0.8561,0.9668,0.1154,random_40_20_40,0.8378,0.9504,0.558,0.5503,0.5593,0.5355,0.0,0.0148,0.5577,0.5577,0.5613,0.5392,,,0.5218,0.5185,0.0074,0.0129,0.1072,1.0032,1,,271.6606,0.9996,,0.1003,0.2866,2707.0
Cora,GCN,sami,"{""lam"": 0.5, ""use_lte"": true, ""use_gate"": true, ""arch_aware"": true, ""noise_scale"": 0.35, ""budget_B"": 0.0, ""warmup_epochs"": 5, ""entropy_coef"": 0.05}",456,eac9960f8ba0,0.81,0.00144,0.8652,0.8635,0.9695,0.1043,random_40_20_40,0.8599,0.9612,0.5597,0.5439,0.5598,0.5402,0.0,0.0,0.5522,0.5522,0.5382,0.5614,,,0.4936,0.4908,0.0028,0.0157,0.1214,0.997,1,,277.2389,0.9996,,0.1024,0.2925,2707.0
Cora,GCN,harp,"{""lam"": 0.5, ""use_lte"": true, ""use_gate"": true, ""arch_aware"": true, ""risk_frac"": 0.3, ""k_hops"": 1, ""strong_noise_scale"": 0.3, ""weak_noise_scale"": 0.0, ""target_protect_frac"": 0.4, ""budget_B"": 0.0, ""warmup_epochs"": 5, ""entropy_coef"": 0.05, ""train_on_protected"": true}",42,eac9960f8ba0,0.81,0.00144,0.8116,0.7952,0.8966,0.0849,random_40_20_40,0.7975,0.9457,0.5718,0.5522,0.5024,0.482,0.0,0.0074,0.5425,0.5425,0.5811,0.5623,,,0.534,0.5268,0.0037,0.0111,0.0285,1.1137,1,,324.9,0.3999,0.1946,0.12,0.3999,1083.0
Cora,GCN,harp,"{""lam"": 0.5, ""use_lte"": true, ""use_gate"": true, ""arch_aware"": true, ""risk_frac"": 0.3, ""k_hops"": 1, ""strong_noise_scale"": 0.3, ""weak_noise_scale"": 0.0, ""target_protect_frac"": 0.4, ""budget_B"": 0.0, ""warmup_epochs"": 5, ""entropy_coef"": 0.05, ""train_on_protected"": true}",123,eac9960f8ba0,0.81,0.00144,0.8144,0.7934,0.8947,0.0803,random_40_20_40,0.7951,0.9366,0.5431,0.5245,0.5241,0.5088,0.0083,0.0129,0.5402,0.5402,0.5544,0.5291,,,0.5387,0.5272,0.0092,0.0139,0.0238,1.1141,1,,324.9,0.3999,0.1798,0.12,0.3999,1083.0
Cora,GCN,harp,"{""lam"": 0.5, ""use_lte"": true, ""use_gate"": true, ""arch_aware"": true, ""risk_frac"": 0.3, ""k_hops"": 1, ""strong_noise_scale"": 0.3, ""weak_noise_scale"": 0.0, ""target_protect_frac"": 0.4, ""budget_B"": 0.0, ""warmup_epochs"": 5, ""entropy_coef"": 0.05, ""train_on_protected"": true}",456,eac9960f8ba0,0.81,0.00144,0.8199,0.8137,0.8984,0.0785,random_40_20_40,0.8145,0.9513,0.5747,0.5328,0.5128,0.506,0.0,0.0065,0.5392,0.5392,0.5859,0.5457,,,0.5136,0.5115,0.0018,0.0083,0.0399,1.1097,1,,324.6,0.3996,0.1835,0.1199,0.3996,1082.0
PubMed,GraphSAGE,none,{},42,eac9960f8ba0,0.8024,0.000228,0.8795,0.8651,0.905,0.0255,random_40_20_40,0.8752,0.9675,0.5052,0.5146,0.5193,0.5108,0.0015,0.0108,0.5127,0.5127,0.503,0.5126,,,0.504,0.5023,0.0008,0.0123,0.0372,2.8172,1,,,,,,,
PubMed,GraphSAGE,none,{},123,eac9960f8ba0,0.8024,0.000228,0.8779,0.877,0.8913,0.0134,random_40_20_40,0.8726,0.9691,0.5023,0.497,0.5102,0.5048,0.0008,0.0093,0.5067,0.5067,0.502,0.499,,,0.5056,0.501,0.0009,0.0128,0.041,2.9609,1,,,,,,,
PubMed,GraphSAGE,none,{},456,eac9960f8ba0,0.8024,0.000228,0.8705,0.877,0.9001,0.0295,random_40_20_40,0.8663,0.9659,0.5073,0.5087,0.5155,0.5089,0.0011,0.0114,0.5148,0.5148,0.5076,0.5086,,,0.5063,0.5075,0.0006,0.01,0.029,2.9955,1,,,,,,,
PubMed,GraphSAGE,lbp,"{""scale"": 0.3}",42,eac9960f8ba0,0.8024,0.000228,0.7649,0.7548,0.7913,0.0264,random_40_20_40,0.7571,0.8827,0.5136,0.5081,0.5203,0.5134,0.0,0.0,0.5132,0.5132,0.5119,0.5074,,,0.4959,0.4963,0.0005,0.0081,0.0693,3.0219,1,,5915.1,1.0,,0.3,1.0,19717.0
PubMed,GraphSAGE,lbp,"{""scale"": 0.3}",123,eac9960f8ba0,0.8024,0.000228,0.7772,0.7695,0.771,-0.0062,random_40_20_40,0.7683,0.8875,0.497,0.4989,0.5,0.5011,0.0,0.0,0.4969,0.4969,0.4941,0.4949,,,0.4984,0.4958,0.0022,0.0113,0.0742,3.0287,1,,5915.1,1.0,,0.3,1.0,19717.0
PubMed,GraphSAGE,lbp,"{""scale"": 0.3}",456,eac9960f8ba0,0.8024,0.000228,0.7624,0.7657,0.7789,0.0165,random_40_20_40,0.7538,0.8754,0.4997,0.502,0.5067,0.5051,0.0,0.0,0.5082,0.5082,0.502,0.4974,,,0.5029,0.5053,0.0005,0.009,0.0742,2.9618,1,,5915.1,1.0,,0.3,1.0,19717.0
PubMed,GraphSAGE,sami,"{""lam"": 0.5, ""use_lte"": true, ""use_gate"": true, ""arch_aware"": true, ""noise_scale"": 0.35, ""budget_B"": 0.0, ""warmup_epochs"": 5, ""entropy_coef"": 0.05}",42,eac9960f8ba0,0.8024,0.000228,0.8562,0.8359,0.8775,0.0213,random_40_20_40,0.8512,0.9361,0.5179,0.5135,0.5144,0.5084,0.0,0.0,0.5107,0.5107,0.5205,0.5096,,,0.4979,0.4985,0.0013,0.0123,0.0747,10.481,1,,2718.6309,0.9999,,0.1379,0.394,19716.0
PubMed,GraphSAGE,sami,"{""lam"": 0.5, ""use_lte"": true, ""use_gate"": true, ""arch_aware"": true, ""noise_scale"": 0.35, ""budget_B"": 0.0, ""warmup_epochs"": 5, ""entropy_coef"": 0.05}",123,eac9960f8ba0,0.8024,0.000228,0.8546,0.857,0.8651,0.0105,random_40_20_40,0.8489,0.9379,0.5011,0.4994,0.5078,0.5022,0.0,0.0,0.5053,0.5053,0.5004,0.5002,,,0.4949,0.4951,0.002,0.0098,0.0752,10.5474,1,,2736.8321,0.9999,,0.1388,0.3966,19716.0
PubMed,GraphSAGE,sami,"{""lam"": 0.5, ""use_lte"": true, ""use_gate"": true, ""arch_aware"": true, ""noise_scale"": 0.35, ""budget_B"": 0.0, ""warmup_epochs"": 5, ""entropy_coef"": 0.05}",456,eac9960f8ba0,0.8024,0.000228,0.8562,0.8582,0.8789,0.0227,random_40_20_40,0.8513,0.9355,0.5006,0.5051,0.5143,0.5089,0.0,0.0,0.5113,0.5113,0.5065,0.5006,,,0.494,0.4962,0.0014,0.011,0.0753,10.59,1,,2736.1897,0.9999,,0.1388,0.3965,19715.0
PubMed,GraphSAGE,harp,"{""lam"": 0.5, ""use_lte"": true, ""use_gate"": true, ""arch_aware"": true, ""risk_frac"": 0.3, ""k_hops"": 1, ""strong_noise_scale"": 0.3, ""weak_noise_scale"": 0.0, ""target_protect_frac"": 0.4, ""budget_B"": 0.0, ""warmup_epochs"": 5, ""entropy_coef"": 0.05, ""train_on_protected"": true}",42,eac9960f8ba0,0.8024,0.000228,0.8363,0.8225,0.8505,0.0142,random_40_20_40,0.8307,0.9291,0.5342,0.5216,0.4997,0.4911,0.0,0.0,0.5071,0.5071,0.5221,0.5107,,,0.5028,0.5039,0.0014,0.0128,0.0335,11.3887,1,,2366.7,0.4001,0.2501,0.12,0.4001,7889.0
PubMed,GraphSAGE,harp,"{""lam"": 0.5, ""use_lte"": true, ""use_gate"": true, ""arch_aware"": true, ""risk_frac"": 0.3, ""k_hops"": 1, ""strong_noise_scale"": 0.3, ""weak_noise_scale"": 0.0, ""target_protect_frac"": 0.4, ""budget_B"": 0.0, ""warmup_epochs"": 5, ""entropy_coef"": 0.05, ""train_on_protected"": true}",123,eac9960f8ba0,0.8024,0.000228,0.84,0.8359,0.8345,-0.0055,random_40_20_40,0.8335,0.9314,0.512,0.5092,0.4981,0.4916,0.0,0.0,0.4973,0.4973,0.5172,0.4998,,,0.503,0.5022,0.001,0.0118,0.0355,11.36,1,,2366.1,0.4,0.2413,0.12,0.4,7887.0
PubMed,GraphSAGE,harp,"{""lam"": 0.5, ""use_lte"": true, ""use_gate"": true, ""arch_aware"": true, ""risk_frac"": 0.3, ""k_hops"": 1, ""strong_noise_scale"": 0.3, ""weak_noise_scale"": 0.0, ""target_protect_frac"": 0.4, ""budget_B"": 0.0, ""warmup_epochs"": 5, ""entropy_coef"": 0.05, ""train_on_protected"": true}",456,eac9960f8ba0,0.8024,0.000228,0.8394,0.8367,0.8525,0.0132,random_40_20_40,0.8325,0.9312,0.5225,0.5042,0.5014,0.4961,0.0,0.0,0.5066,0.5066,0.5243,0.5122,,,0.5016,0.5056,0.0014,0.0109,0.0359,11.2576,1,,2365.2,0.3999,0.2499,0.12,0.3999,7884.0
