dataset,model,het,sparsity,is_gcn,het_x_gcn,sparsity_x_gcn,snr,snr_x_inv,conf,homophily,density,h_target,rho_target
synth_h0.2_r0.005_snr0.25,GCN,0.8020050078630447,2.0794415416798357,1.0,0.8020050078630447,2.0794415416798357,0.25,3.9999840000640003,0.703723986856517,0.19799499213695526,0.005,0.2,0.005
synth_h0.2_r0.005_snr0.25,GraphSAGE,0.8020050078630447,2.0794415416798357,0.0,0.0,0.0,0.25,3.9999840000640003,0.7609137850101706,0.19799499213695526,0.005,0.2,0.005
synth_h0.2_r0.005_snr1.0,GCN,0.8020050078630447,2.0794415416798357,1.0,0.8020050078630447,2.0794415416798357,1.0,0.9999990000010001,0.5771397277421374,0.19799499213695526,0.005,0.2,0.005
synth_h0.2_r0.005_snr1.0,GraphSAGE,0.8020050078630447,2.0794415416798357,0.0,0.0,0.0,1.0,0.9999990000010001,0.5802691284618995,0.19799499213695526,0.005,0.2,0.005
synth_h0.2_r0.005_snr2.5,GCN,0.8020050078630447,2.0794415416798357,1.0,0.8020050078630447,2.0794415416798357,2.5,0.399999840000064,0.5348145830073541,0.19799499213695526,0.005,0.2,0.005
synth_h0.2_r0.005_snr2.5,GraphSAGE,0.8020050078630447,2.0794415416798357,0.0,0.0,0.0,2.5,0.399999840000064,0.4704662807072445,0.19799499213695526,0.005,0.2,0.005
synth_h0.2_r0.01_snr0.25,GCN,0.8007518798112869,1.3862943611198904,1.0,0.8007518798112869,1.3862943611198904,0.25,3.9999840000640003,0.685104052573932,0.19924812018871307,0.01,0.2,0.01
synth_h0.2_r0.01_snr0.25,GraphSAGE,0.8007518798112869,1.3862943611198904,0.0,0.0,0.0,0.25,3.9999840000640003,0.7343921139101863,0.19924812018871307,0.01,0.2,0.01
synth_h0.2_r0.01_snr1.0,GCN,0.8007518798112869,1.3862943611198904,1.0,0.8007518798112869,1.3862943611198904,1.0,0.9999990000010001,0.5623533093412612,0.19924812018871307,0.01,0.2,0.01
synth_h0.2_r0.01_snr1.0,GraphSAGE,0.8007518798112869,1.3862943611198904,0.0,0.0,0.0,1.0,0.9999990000010001,0.5873102800813644,0.19924812018871307,0.01,0.2,0.01
synth_h0.2_r0.01_snr2.5,GCN,0.8007518798112869,1.3862943611198904,1.0,0.8007518798112869,1.3862943611198904,2.5,0.399999840000064,0.5521827570020341,0.19924812018871307,0.01,0.2,0.01
synth_h0.2_r0.01_snr2.5,GraphSAGE,0.8007518798112869,1.3862943611198904,0.0,0.0,0.0,2.5,0.399999840000064,0.5891096854952277,0.19924812018871307,0.01,0.2,0.01
synth_h0.2_r0.02_snr0.25,GCN,0.800125315785408,0.6931471805599454,1.0,0.800125315785408,0.6931471805599454,0.25,3.9999840000640003,0.6186825222969802,0.19987468421459198,0.02,0.2,0.02
synth_h0.2_r0.02_snr0.25,GraphSAGE,0.800125315785408,0.6931471805599454,0.0,0.0,0.0,0.25,3.9999840000640003,0.7005945861367548,0.19987468421459198,0.02,0.2,0.02
synth_h0.2_r0.02_snr1.0,GCN,0.800125315785408,0.6931471805599454,1.0,0.800125315785408,0.6931471805599454,1.0,0.9999990000010001,0.5089187920513221,0.19987468421459198,0.02,0.2,0.02
synth_h0.2_r0.02_snr1.0,GraphSAGE,0.800125315785408,0.6931471805599454,0.0,0.0,0.0,1.0,0.9999990000010001,0.573892974495384,0.19987468421459198,0.02,0.2,0.02
synth_h0.2_r0.02_snr2.5,GCN,0.800125315785408,0.6931471805599454,1.0,0.800125315785408,0.6931471805599454,2.5,0.399999840000064,0.4939759036144578,0.19987468421459198,0.02,0.2,0.02
synth_h0.2_r0.02_snr2.5,GraphSAGE,0.800125315785408,0.6931471805599454,0.0,0.0,0.0,2.5,0.399999840000064,0.4981614770771397,0.19987468421459198,0.02,0.2,0.02
synth_h0.2_r0.04_snr0.25,GCN,0.800125315785408,0.0,1.0,0.800125315785408,0.0,0.25,3.9999840000640003,0.5716632764825536,0.19987468421459198,0.04,0.2,0.04
synth_h0.2_r0.04_snr0.25,GraphSAGE,0.800125315785408,0.0,0.0,0.0,0.0,0.25,3.9999840000640003,0.6726646847128774,0.19987468421459198,0.04,0.2,0.04
synth_h0.2_r0.04_snr1.0,GCN,0.800125315785408,0.0,1.0,0.800125315785408,0.0,1.0,0.9999990000010001,0.4633860115787827,0.19987468421459198,0.04,0.2,0.04
synth_h0.2_r0.04_snr1.0,GraphSAGE,0.800125315785408,0.0,0.0,0.0,0.0,1.0,0.9999990000010001,0.582342356438742,0.19987468421459198,0.04,0.2,0.04
synth_h0.2_r0.04_snr2.5,GCN,0.800125315785408,0.0,1.0,0.800125315785408,0.0,2.5,0.399999840000064,0.48865592239086214,0.19987468421459198,0.04,0.2,0.04
synth_h0.2_r0.04_snr2.5,GraphSAGE,0.800125315785408,0.0,0.0,0.0,0.0,2.5,0.399999840000064,0.5169378813957127,0.19987468421459198,0.04,0.2,0.04
synth_h0.4_r0.005_snr0.25,GCN,0.6015037596225739,2.0794415416798357,1.0,0.6015037596225739,2.0794415416798357,0.25,3.9999840000640003,0.6435612580190893,0.39849624037742615,0.005,0.4,0.005
synth_h0.4_r0.005_snr0.25,GraphSAGE,0.6015037596225739,2.0794415416798357,0.0,0.0,0.0,0.25,3.9999840000640003,0.7280550774526677,0.39849624037742615,0.005,0.4,0.005
synth_h0.4_r0.005_snr1.0,GCN,0.6015037596225739,2.0794415416798357,1.0,0.6015037596225739,2.0794415416798357,1.0,0.9999990000010001,0.5364575183852291,0.39849624037742615,0.005,0.4,0.005
synth_h0.4_r0.005_snr1.0,GraphSAGE,0.6015037596225739,2.0794415416798357,0.0,0.0,0.0,1.0,0.9999990000010001,0.5420904396808011,0.39849624037742615,0.005,0.4,0.005
synth_h0.4_r0.005_snr2.5,GCN,0.6015037596225739,2.0794415416798357,1.0,0.6015037596225739,2.0794415416798357,2.5,0.399999840000064,0.4996870599280238,0.39849624037742615,0.005,0.4,0.005
synth_h0.4_r0.005_snr2.5,GraphSAGE,0.6015037596225739,2.0794415416798357,0.0,0.0,0.0,2.5,0.399999840000064,0.5265216710999843,0.39849624037742615,0.005,0.4,0.005
synth_h0.4_r0.01_snr0.25,GCN,0.600250631570816,1.3862943611198904,1.0,0.600250631570816,1.3862943611198904,0.25,3.9999840000640003,0.606869034579878,0.39974936842918396,0.01,0.4,0.01
synth_h0.4_r0.01_snr0.25,GraphSAGE,0.600250631570816,1.3862943611198904,0.0,0.0,0.0,0.25,3.9999840000640003,0.6731340948208417,0.39974936842918396,0.01,0.4,0.01
synth_h0.4_r0.01_snr1.0,GCN,0.600250631570816,1.3862943611198904,1.0,0.600250631570816,1.3862943611198904,1.0,0.9999990000010001,0.5125176028790486,0.39974936842918396,0.01,0.4,0.01
synth_h0.4_r0.01_snr1.0,GraphSAGE,0.600250631570816,1.3862943611198904,0.0,0.0,0.0,1.0,0.9999990000010001,0.565013299953059,0.39974936842918396,0.01,0.4,0.01
synth_h0.4_r0.01_snr2.5,GCN,0.600250631570816,1.3862943611198904,1.0,0.600250631570816,1.3862943611198904,2.5,0.399999840000064,0.511657017681114,0.39974936842918396,0.01,0.4,0.01
synth_h0.4_r0.01_snr2.5,GraphSAGE,0.600250631570816,1.3862943611198904,0.0,0.0,0.0,2.5,0.399999840000064,0.5424424972617743,0.39974936842918396,0.01,0.4,0.01
synth_h0.4_r0.02_snr0.25,GCN,0.600250631570816,0.6931471805599454,1.0,0.600250631570816,0.6931471805599454,0.25,3.9999840000640003,0.52605226099202,0.39974936842918396,0.02,0.4,0.02
synth_h0.4_r0.02_snr0.25,GraphSAGE,0.600250631570816,0.6931471805599454,0.0,0.0,0.0,0.25,3.9999840000640003,0.6258019089344391,0.39974936842918396,0.02,0.4,0.02
synth_h0.4_r0.02_snr1.0,GCN,0.600250631570816,0.6931471805599454,1.0,0.600250631570816,0.6931471805599454,1.0,0.9999990000010001,0.46956657800031293,0.39974936842918396,0.02,0.4,0.02
synth_h0.4_r0.02_snr1.0,GraphSAGE,0.600250631570816,0.6931471805599454,0.0,0.0,0.0,1.0,0.9999990000010001,0.5018776404318572,0.39974936842918396,0.02,0.4,0.02
synth_h0.4_r0.02_snr2.5,GCN,0.600250631570816,0.6931471805599454,1.0,0.600250631570816,0.6931471805599454,2.5,0.399999840000064,0.4415584415584416,0.39974936842918396,0.02,0.4,0.02
synth_h0.4_r0.02_snr2.5,GraphSAGE,0.600250631570816,0.6931471805599454,0.0,0.0,0.0,2.5,0.399999840000064,0.5210452198404006,0.39974936842918396,0.02,0.4,0.02
synth_h0.4_r0.04_snr0.25,GCN,0.600250631570816,0.0,1.0,0.600250631570816,0.0,0.25,3.9999840000640003,0.5371616335471757,0.39974936842918396,0.04,0.4,0.04
synth_h0.4_r0.04_snr0.25,GraphSAGE,0.600250631570816,0.0,0.0,0.0,0.0,0.25,3.9999840000640003,0.6329995305898921,0.39974936842918396,0.04,0.4,0.04
synth_h0.4_r0.04_snr1.0,GCN,0.600250631570816,0.0,1.0,0.600250631570816,0.0,1.0,0.9999990000010001,0.4576748552652167,0.39974936842918396,0.04,0.4,0.04
synth_h0.4_r0.04_snr1.0,GraphSAGE,0.600250631570816,0.0,0.0,0.0,0.0,1.0,0.9999990000010001,0.48705210452198405,0.39974936842918396,0.04,0.4,0.04
synth_h0.4_r0.04_snr2.5,GCN,0.600250631570816,0.0,1.0,0.600250631570816,0.0,2.5,0.399999840000064,0.5232358003442341,0.39974936842918396,0.04,0.4,0.04
synth_h0.4_r0.04_snr2.5,GraphSAGE,0.600250631570816,0.0,0.0,0.0,0.0,2.5,0.399999840000064,0.5476060084493819,0.39974936842918396,0.04,0.4,0.04
synth_h0.6_r0.005_snr0.25,GCN,0.40100252628326416,2.0794415416798357,1.0,0.40100252628326416,2.0794415416798357,0.25,3.9999840000640003,0.544711312783602,0.5989974737167358,0.005,0.6,0.005
synth_h0.6_r0.005_snr0.25,GraphSAGE,0.40100252628326416,2.0794415416798357,0.0,0.0,0.0,0.25,3.9999840000640003,0.6715693944609608,0.5989974737167358,0.005,0.6,0.005
synth_h0.6_r0.005_snr1.0,GCN,0.40100252628326416,2.0794415416798357,1.0,0.40100252628326416,2.0794415416798357,1.0,0.9999990000010001,0.4916679705836332,0.5989974737167358,0.005,0.6,0.005
synth_h0.6_r0.005_snr1.0,GraphSAGE,0.40100252628326416,2.0794415416798357,0.0,0.0,0.0,1.0,0.9999990000010001,0.5147081833828822,0.5989974737167358,0.005,0.6,0.005
synth_h0.6_r0.005_snr2.5,GCN,0.40100252628326416,2.0794415416798357,1.0,0.40100252628326416,2.0794415416798357,2.5,0.399999840000064,0.4622124863088718,0.5989974737167358,0.005,0.6,0.005
synth_h0.6_r0.005_snr2.5,GraphSAGE,0.40100252628326416,2.0794415416798357,0.0,0.0,0.0,2.5,0.399999840000064,0.4815756532624002,0.5989974737167358,0.005,0.6,0.005
synth_h0.6_r0.01_snr0.25,GCN,0.40100252628326416,1.3862943611198904,1.0,0.40100252628326416,1.3862943611198904,0.25,3.9999840000640003,0.5478798310123612,0.5989974737167358,0.01,0.6,0.01
synth_h0.6_r0.01_snr0.25,GraphSAGE,0.40100252628326416,1.3862943611198904,0.0,0.0,0.0,0.25,3.9999840000640003,0.6436394930370835,0.5989974737167358,0.01,0.6,0.01
synth_h0.6_r0.01_snr1.0,GCN,0.40100252628326416,1.3862943611198904,1.0,0.40100252628326416,1.3862943611198904,1.0,0.9999990000010001,0.5258957909560319,0.5989974737167358,0.01,0.6,0.01
synth_h0.6_r0.01_snr1.0,GraphSAGE,0.40100252628326416,1.3862943611198904,0.0,0.0,0.0,1.0,0.9999990000010001,0.5303551869816929,0.5989974737167358,0.01,0.6,0.01
synth_h0.6_r0.01_snr2.5,GCN,0.40100252628326416,1.3862943611198904,1.0,0.40100252628326416,1.3862943611198904,2.5,0.399999840000064,0.5444374902206227,0.5989974737167358,0.01,0.6,0.01
synth_h0.6_r0.01_snr2.5,GraphSAGE,0.40100252628326416,1.3862943611198904,0.0,0.0,0.0,2.5,0.399999840000064,0.5363792833672352,0.5989974737167358,0.01,0.6,0.01
synth_h0.6_r0.02_snr0.25,GCN,0.40037596225738525,0.6931471805599454,1.0,0.40037596225738525,0.6931471805599454,0.25,3.9999840000640003,0.5124393678610545,0.5996240377426147,0.02,0.6,0.02
synth_h0.6_r0.02_snr0.25,GraphSAGE,0.40037596225738525,0.6931471805599454,0.0,0.0,0.0,0.25,3.9999840000640003,0.5575809732436239,0.5996240377426147,0.02,0.6,0.02
synth_h0.6_r0.02_snr1.0,GCN,0.40037596225738525,0.6931471805599454,1.0,0.40037596225738525,0.6931471805599454,1.0,0.9999990000010001,0.5624315443592552,0.5996240377426147,0.02,0.6,0.02
synth_h0.6_r0.02_snr1.0,GraphSAGE,0.40037596225738525,0.6931471805599454,0.0,0.0,0.0,1.0,0.9999990000010001,0.459552495697074,0.5996240377426147,0.02,0.6,0.02
synth_h0.6_r0.02_snr2.5,GCN,0.40037596225738525,0.6931471805599454,1.0,0.40037596225738525,0.6931471805599454,2.5,0.399999840000064,0.55210452198404,0.5996240377426147,0.02,0.6,0.02
synth_h0.6_r0.02_snr2.5,GraphSAGE,0.40037596225738525,0.6931471805599454,0.0,0.0,0.0,2.5,0.399999840000064,0.4539586919104992,0.5996240377426147,0.02,0.6,0.02
synth_h0.6_r0.04_snr0.25,GCN,0.4000626802444458,0.0,1.0,0.4000626802444458,0.0,0.25,3.9999840000640003,0.5081364418713816,0.5999373197555542,0.04,0.6,0.04
synth_h0.6_r0.04_snr0.25,GraphSAGE,0.4000626802444458,0.0,0.0,0.0,0.0,0.25,3.9999840000640003,0.5761226725082147,0.5999373197555542,0.04,0.6,0.04
synth_h0.6_r0.04_snr1.0,GCN,0.4000626802444458,0.0,1.0,0.4000626802444458,0.0,1.0,0.9999990000010001,0.5041464559536848,0.5999373197555542,0.04,0.6,0.04
synth_h0.6_r0.04_snr1.0,GraphSAGE,0.4000626802444458,0.0,0.0,0.0,0.0,1.0,0.9999990000010001,0.4642857142857143,0.5999373197555542,0.04,0.6,0.04
synth_h0.6_r0.04_snr2.5,GCN,0.4000626802444458,0.0,1.0,0.4000626802444458,0.0,2.5,0.399999840000064,0.4936629635424816,0.5999373197555542,0.04,0.6,0.04
synth_h0.6_r0.04_snr2.5,GraphSAGE,0.4000626802444458,0.0,0.0,0.0,0.0,2.5,0.399999840000064,0.46878422782037243,0.5999373197555542,0.04,0.6,0.04
synth_h0.8_r0.005_snr0.25,GCN,0.20050126314163208,2.0794415416798357,1.0,0.20050126314163208,2.0794415416798357,0.25,3.9999840000640003,0.5127914254420278,0.7994987368583679,0.005,0.8,0.005
synth_h0.8_r0.005_snr0.25,GraphSAGE,0.20050126314163208,2.0794415416798357,0.0,0.0,0.0,0.25,3.9999840000640003,0.5557815678297606,0.7994987368583679,0.005,0.8,0.005
synth_h0.8_r0.005_snr1.0,GCN,0.20050126314163208,2.0794415416798357,1.0,0.20050126314163208,2.0794415416798357,1.0,0.9999990000010001,0.4646768893756846,0.7994987368583679,0.005,0.8,0.005
synth_h0.8_r0.005_snr1.0,GraphSAGE,0.20050126314163208,2.0794415416798357,0.0,0.0,0.0,1.0,0.9999990000010001,0.4731653888280394,0.7994987368583679,0.005,0.8,0.005
synth_h0.8_r0.005_snr2.5,GCN,0.20050126314163208,2.0794415416798357,1.0,0.20050126314163208,2.0794415416798357,2.5,0.399999840000064,0.4627601314348302,0.7994987368583679,0.005,0.8,0.005
synth_h0.8_r0.005_snr2.5,GraphSAGE,0.20050126314163208,2.0794415416798357,0.0,0.0,0.0,2.5,0.399999840000064,0.46303395399780944,0.7994987368583679,0.005,0.8,0.005
synth_h0.8_r0.01_snr0.25,GCN,0.20050126314163208,1.3862943611198904,1.0,0.20050126314163208,1.3862943611198904,0.25,3.9999840000640003,0.5185416992645908,0.7994987368583679,0.01,0.8,0.01
synth_h0.8_r0.01_snr0.25,GraphSAGE,0.20050126314163208,1.3862943611198904,0.0,0.0,0.0,0.25,3.9999840000640003,0.5895008605851979,0.7994987368583679,0.01,0.8,0.01
synth_h0.8_r0.01_snr1.0,GCN,0.20050126314163208,1.3862943611198904,1.0,0.20050126314163208,1.3862943611198904,1.0,0.9999990000010001,0.4662807072445627,0.7994987368583679,0.01,0.8,0.01
synth_h0.8_r0.01_snr1.0,GraphSAGE,0.20050126314163208,1.3862943611198904,0.0,0.0,0.0,1.0,0.9999990000010001,0.5360663432952589,0.7994987368583679,0.01,0.8,0.01
synth_h0.8_r0.01_snr2.5,GCN,0.20050126314163208,1.3862943611198904,1.0,0.20050126314163208,1.3862943611198904,2.5,0.399999840000064,0.47250039117508996,0.7994987368583679,0.01,0.8,0.01
synth_h0.8_r0.01_snr2.5,GraphSAGE,0.20050126314163208,1.3862943611198904,0.0,0.0,0.0,2.5,0.399999840000064,0.5145908308558911,0.7994987368583679,0.01,0.8,0.01
synth_h0.8_r0.02_snr0.25,GCN,0.20050126314163208,0.6931471805599454,1.0,0.20050126314163208,0.6931471805599454,0.25,3.9999840000640003,0.5165858238147395,0.7994987368583679,0.02,0.8,0.02
synth_h0.8_r0.02_snr0.25,GraphSAGE,0.20050126314163208,0.6931471805599454,0.0,0.0,0.0,0.25,3.9999840000640003,0.5421686746987951,0.7994987368583679,0.02,0.8,0.02
synth_h0.8_r0.02_snr1.0,GCN,0.20050126314163208,0.6931471805599454,1.0,0.20050126314163208,0.6931471805599454,1.0,0.9999990000010001,0.49921764982005945,0.7994987368583679,0.02,0.8,0.02
synth_h0.8_r0.02_snr1.0,GraphSAGE,0.20050126314163208,0.6931471805599454,0.0,0.0,0.0,1.0,0.9999990000010001,0.5138867156939446,0.7994987368583679,0.02,0.8,0.02
synth_h0.8_r0.02_snr2.5,GCN,0.20050126314163208,0.6931471805599454,1.0,0.20050126314163208,0.6931471805599454,2.5,0.399999840000064,0.4910812079486778,0.7994987368583679,0.02,0.8,0.02
synth_h0.8_r0.02_snr2.5,GraphSAGE,0.20050126314163208,0.6931471805599454,0.0,0.0,0.0,2.5,0.399999840000064,0.5156861211078079,0.7994987368583679,0.02,0.8,0.02
synth_h0.8_r0.04_snr0.25,GCN,0.20018798112869263,0.0,1.0,0.20018798112869263,0.0,0.25,3.9999840000640003,0.513065248005007,0.7998120188713074,0.04,0.8,0.04
synth_h0.8_r0.04_snr0.25,GraphSAGE,0.20018798112869263,0.0,0.0,0.0,0.0,0.25,3.9999840000640003,0.5156470035988108,0.7998120188713074,0.04,0.8,0.04
synth_h0.8_r0.04_snr1.0,GCN,0.20018798112869263,0.0,1.0,0.20018798112869263,0.0,1.0,0.9999990000010001,0.5046158660616492,0.7998120188713074,0.04,0.8,0.04
synth_h0.8_r0.04_snr1.0,GraphSAGE,0.20018798112869263,0.0,0.0,0.0,0.0,1.0,0.9999990000010001,0.51302613049601,0.7998120188713074,0.04,0.8,0.04
synth_h0.8_r0.04_snr2.5,GCN,0.20018798112869263,0.0,1.0,0.20018798112869263,0.0,2.5,0.399999840000064,0.5035596933187295,0.7998120188713074,0.04,0.8,0.04
synth_h0.8_r0.04_snr2.5,GraphSAGE,0.20018798112869263,0.0,0.0,0.0,0.0,2.5,0.399999840000064,0.4921373806915975,0.7998120188713074,0.04,0.8,0.04
